id,ok,fps,stride,step_err,width,height,frames,duration_s,codec,gps,gps_samples,min_accel,mean_speed,calm,error
training_10,True,59.94,16,0.0010010010010010895,1280,720,600,10.01001001001001,h264,ok,10,-4.58,5.249999999999999,False,
training_1000,True,29.97,8,0.0010010010010010895,1280,720,300,10.01001001001001,h264,no_1hz_pairs,2,,,False,
training_1004,True,29.97,8,0.0010010010010010895,1280,720,300,10.01001001001001,h264,ok,10,-4.21,4.64,False,
training_1005,True,29.97,8,0.0010010010010010895,1280,720,300,10.01001001001001,h264,ok,10,-4.4,3.757,False,
training_1006,True,29.97,8,0.0010010010010010895,1280,720,300,10.01001001001001,h264,ok,10,-3.5999999999999996,8.227,False,
training_1009,True,30.0,8,0.0,1280,720,300,10.0,h264,ok,10,-1.7800000000000002,4.4990000000000006,True,
training_1016,True,29.97,8,0.0010010010010010895,1280,720,300,10.01001001001001,h264,ok,10,-2.5,3.8019999999999996,True,
training_1018,True,29.97,8,0.0010010010010010895,1280,720,300,10.01001001001001,h264,ok,10,-5.127421278118083,4.131,False,
training_102,True,29.97,8,0.0010010010010010895,1280,720,300,10.01001001001001,h264,ok,10,-2.5300000000000002,4.1049999999999995,True,
training_1020,True,29.97,8,0.0010010010010010895,1280,720,300,10.01001001001001,h264,ok,10,-3.1900000000000004,3.3620000000000005,False,
training_1021,True,29.97,8,0.0010010010010010895,1280,720,360,12.012012012012011,h264,ok,12,-3.04,7.411666666666665,False,
training_1022,True,29.97,8,0.0010010010010010895,1280,720,300,10.01001001001001,h264,ok,10,-2.17,5.218,True,
training_1023,True,59.94,16,0.0010010010010010895,1280,720,600,10.01001001001001,h264,ok,10,-1.6,4.178,True,
training_1024,True,30.0,8,0.0,1280,720,300,10.0,h264,ok,11,-1.53,3.9145454545454546,True,
training_1025,True,29.97,8,0.0010010010010010895,1280,720,360,12.012012012012011,h264,ok,12,-2.3099999999999996,6.925833333333333,True,
training_1027,True,29.97,8,0.0010010010010010895,1280,720,300,10.01001001001001,h264,ok,10,-2.98,2.1599999999999997,True,
training_1028,True,29.97,8,0.0010010010010010895,1280,720,300,10.01001001001001,h264,ok,10,-3.9299999999999997,9.607000000000001,False,
training_1029,True,59.94,16,0.0010010010010010895,1280,720,600,10.01001001001001,h264,ok,10,-5.154845528091236,4.589,False,
training_1032,True,29.97,8,0.0010010010010010895,1280,720,300,10.01001001001001,h264,ok,10,-3.3099999999999996,6.855000000000001,False,
training_1036,True,29.97,8,0.0010010010010010895,1280,720,390,13.013013013013014,h264,ok,13,-4.660000000000001,7.71076923076923,False,
training_1039,True,29.97,8,0.0010010010010010895,1280,720,300,10.01001001001001,h264,ok,10,-2.8942113068929856,7.534999999999999,True,
training_1040,True,29.97,8,0.0010010010010010895,1280,720,300,10.01001001001001,h264,no_1hz_pairs,4,,,False,
training_1044,True,29.97,8,0.0010010010010010895,1280,720,300,10.01001001001001,h264,ok,10,-3.1000000000000005,8.293999999999999,False,
training_1046,True,30.0,8,0.0,1280,720,300,10.0,h264,ok,10,-0.8600000000000003,4.8950000000000005,True,
training_105,True,29.97,8,0.0010010010010010895,1280,720,300,10.01001001001001,h264,ok,10,-0.6900000000000004,3.3199999999999994,True,
training_1050,True,29.97,8,0.0010010010010010895,1280,720,300,10.01001001001001,h264,ok,10,-2.9699999999999998,4.949,True,
training_1052,True,29.97,8,0.0010010010010010895,1280,720,300,10.01001001001001,h264,ok,10,-2.2199999999999998,6.678999999999999,True,
training_1056,True,30.0,8,0.0,1280,720,300,10.0,h264,ok,5,-1.950000000000001,9.102,True,
training_1058,True,29.97,8,0.0010010010010010895,1280,720,300,10.01001001001001,h264,ok,10,-5.760000000000001,5.542999999999999,False,
training_1059,True,59.94,16,0.0010010010010010895,1280,720,600,10.01001001001001,h264,ok,10,-5.1000000000000005,12.206,False,
training_106,True,29.97,8,0.0010010010010010895,1280,720,300,10.01001001001001,h264,ok,10,-1.5100000000000002,4.122,True,
training_1064,True,29.97,8,0.0010010010010010895,1280,720,300,10.01001001001001,h264,ok,10,-0.8200000000000003,4.973000000000001,True,
training_1065,True,29.97,8,0.0010010010010010895,1280,720,300,10.01001001001001,h264,ok,10,-0.96,4.423,True,
training_1066,True,30.0,8,0.0,1280,720,300,10.0,h264,ok,10,-1.9700000000000002,5.446,True,
training_1067,True,29.97,8,0.0010010010010010895,1280,720,300,10.01001001001001,h264,ok,10,-3.44,1.564,False,
training_1068,True,29.97,8,0.0010010010010010895,1280,720,300,10.01001001001001,h264,ok,10,-2.0999999999999996,6.008999999999999,True,
training_1069,True,29.97,8,0.0010010010010010895,1280,720,300,10.01001001001001,h264,ok,10,-3.1399999999999997,2.7399999999999998,False,
training_107,True,59.94,16,0.0010010010010010895,1280,720,600,10.01001001001001,h264,ok,10,-3.34,3.742,False,
training_1071,True,59.94,16,0.0010010010010010895,1280,720,600,10.01001001001001,h264,ok,10,-6.779999999999999,8.663999999999998,False,
training_1075,True,29.97,8,0.0010010010010010895,1280,720,300,10.01001001001001,h264,ok,10,-3.61,6.208,False,
training_1076,True,30.0,8,0.0,1280,720,300,10.0,h264,ok,10,-4.539999999999999,5.9670000000000005,False,
training_1077,True,30.0,8,0.0,1280,720,300,10.0,h264,ok,10,-3.15,4.569000000000001,False,
training_1079,True,59.94,16,0.0010010010010010895,1280,720,600,10.01001001001001,h264,ok,10,-2.51,6.94,True,
training_1080,True,29.97,8,0.0010010010010010895,1280,720,300,10.01001001001001,h264,no_1hz_pairs,3,,,False,
training_1081,True,29.97,8,0.0010010010010010895,1280,720,300,10.01001001001001,h264,ok,10,-3.9000000000000004,5.862,False,
training_1082,True,29.97,8,0.0010010010010010895,1280,720,300,10.01001001001001,h264,too_short,1,,,False,
training_1084,True,59.94,16,0.0010010010010010895,1280,720,600,10.01001001001001,h264,too_short,1,,,False,
training_109,True,29.97,8,0.0010010010010010895,1280,720,300,10.01001001001001,h264,ok,10,-2.63,9.105,True,
training_1090,True,29.97,8,0.0010010010010010895,1280,720,300,10.01001001001001,h264,no_1hz_pairs,3,,,False,
training_1091,True,30.0,8,0.0,1280,720,360,12.0,h264,ok,12,-2.71,7.4425,True,
training_1092,True,29.97,8,0.0010010010010010895,1280,720,300,10.01001001001001,h264,ok,10,-2.3200000000000003,5.504,True,
training_1093,True,29.97,8,0.0010010010010010895,1280,720,300,10.01001001001001,h264,ok,10,-1.7699999999999996,4.843999999999999,True,
training_1094,True,29.97,8,0.0010010010010010895,1280,720,300,10.01001001001001,h264,ok,10,-3.43,6.614999999999999,False,
training_1095,True,29.97,8,0.0010010010010010895,1280,720,300,10.01001001001001,h264,ok,10,-1.0500000000000003,4.391,True,
training_1096,True,29.97,8,0.0010010010010010895,1280,720,300,10.01001001001001,h264,ok,10,-1.7700000000000005,5.593,True,
training_1099,True,29.97,8,0.0010010010010010895,1280,720,300,10.01001001001001,h264,ok,10,-3.15,6.008000000000001,False,
training_11,True,30.0,8,0.0,1280,720,300,10.0,h264,ok,10,-2.9000000000000004,2.964,True,
training_1100,True,29.97,8,0.0010010010010010895,1280,720,300,10.01001001001001,h264,ok,10,-2.84,7.3100000000000005,True,
training_1102,True,29.97,8,0.0010010010010010895,1280,720,300,10.01001001001001,h264,no_1hz_pairs,4,,,False,
training_1104,True,29.97,8,0.0010010010010010895,1280,720,300,10.01001001001001,h264,too_short,1,,,False,
training_1105,True,29.97,8,0.0010010010010010895,1280,720,300,10.01001001001001,h264,ok,10,-1.4400000000000004,5.551000000000001,True,
training_1106,True,59.94,16,0.0010010010010010895,1280,720,600,10.01001001001001,h264,ok,10,-1.1800000000000002,4.154,True,
training_1108,True,29.97,8,0.0010010010010010895,1280,720,300,10.01001001001001,h264,ok,10,-4.440000000000001,5.4719999999999995,False,
training_111,True,30.0,8,0.0,1280,720,300,10.0,h264,ok,10,-3.2300000000000004,9.18,False,
training_1111,True,29.92,8,0.002673796791443639,1280,720,389,13.001336898395722,h264,ok,13,-4.73,12.497692307692308,False,
training_1115,True,29.97,8,0.0010010010010010895,1280,720,300,10.01001001001001,h264,ok,10,-3.4400000000000004,2.425,False,
training_1116,True,60.0,16,0.0,1280,720,600,10.0,h264,no_1hz_pairs,3,,,False,
training_1117,True,29.97,8,0.0010010010010010895,1280,720,600,20.02002002002002,h264,ok,20,-3.25,3.8690000000000007,False,
training_1119,True,29.97,8,0.0010010010010010895,1280,720,300,10.01001001001001,h264,ok,10,-2.84,3.102,True,
training_1121,True,30.0,8,0.0,1280,720,300,10.0,h264,ok,10,-2.1800000000000006,5.186999999999999,True,
training_1124,True,29.97,8,0.0010010010010010895,1280,720,300,10.01001001001001,h264,ok,10,-3.50701435647881,4.686,False,
training_1126,True,29.97,8,0.0010010010010010895,1280,720,300,10.01001001001001,h264,ok,10,-1.6899999999999995,6.438,True,
training_1127,True,59.94,16,0.0010010010010010895,1280,720,1379,23.00633967300634,h264,ok,23,-6.79,10.757391304347827,False,
training_1128,True,30.0,8,0.0,1280,720,300,10.0,h264,no_1hz_pairs,2,,,False,
training_1129,True,29.97,8,0.0010010010010010895,1280,720,300,10.01001001001001,h264,ok,10,-2.0300000000000002,6.267,True,
training_113,True,29.97,8,0.0010010010010010895,1280,720,450,15.015015015015015,h264,ok,15,-2.76,7.141333333333334,True,
training_1130,True,29.97,8,0.0010010010010010895,1280,720,300,10.01001001001001,h264,ok,10,-2.4999999999999996,4.872,True,
training_1131,True,30.0,8,0.0,1280,720,300,10.0,h264,ok,10,-2.17,4.2170000000000005,True,
training_1134,True,29.97,8,0.0010010010010010895,1280,720,300,10.01001001001001,h264,ok,10,-3.02,5.297,False,
training_1135,True,29.97,8,0.0010010010010010895,1280,720,300,10.01001001001001,h264,ok,10,-3.9000000000000004,7.4590000000000005,False,
training_1136,True,30.0,8,0.0,1280,720,300,10.0,h264,ok,10,-4.58,6.706,False,
training_114,True,29.97,8,0.0010010010010010895,1280,720,300,10.01001001001001,h264,ok,10,-2.61,7.706,True,
training_1142,True,30.0,8,0.0,1280,720,300,10.0,h264,ok,10,-1.8300000000000005,3.7909999999999995,True,
training_1145,True,29.97,8,0.0010010010010010895,1280,720,300,10.01001001001001,h264,ok,10,-2.2300000000000004,4.883000000000001,True,
training_1149,True,29.97,8,0.0010010010010010895,1280,720,300,10.01001001001001,h264,ok,10,-3.2300000000000004,5.084999999999999,False,
training_1153,True,29.97,8,0.0010010010010010895,1280,720,300,10.01001001001001,h264,ok,10,-3.38,7.781000000000001,False,
training_1154,True,29.97,8,0.0010010010010010895,1280,720,300,10.01001001001001,h264,ok,6,-0.9199999999999999,11.465000000000002,True,
training_1155,True,29.97,8,0.0010010010010010895,1280,720,300,10.01001001001001,h264,ok,10,-2.5500000000000003,5.319999999999999,True,
training_1156,True,30.0,8,0.0,1280,720,300,10.0,h264,ok,10,-0.8200000000000003,4.8020000000000005,True,
training_1157,True,29.97,8,0.0010010010010010895,1280,720,570,19.01901901901902,h264,ok,19,-1.23,4.40421052631579,True,
training_1158,True,29.97,8,0.0010010010010010895,1280,720,300,10.01001001001001,h264,ok,10,-4.16,6.189,False,
training_1159,True,29.97,8,0.0010010010010010895,1280,720,300,10.01001001001001,h264,ok,10,-2.8600000000000003,5.7509999999999994,True,
training_1160,True,29.97,8,0.0010010010010010895,1280,720,300,10.01001001001001,h264,ok,10,-2.162162005293417,4.293,True,
training_1161,True,29.97,8,0.0010010010010010895,1280,720,300,10.01001001001001,h264,ok,10,-1.71,5.547,True,
training_1162,True,29.97,8,0.0010010010010010895,1280,720,360,12.012012012012011,h264,ok,12,-3.1100000000000003,7.6450000000000005,False,
training_1163,True,29.97,8,0.0010010010010010895,1280,720,420,14.014014014014014,h264,ok,14,-5.09,10.365,False,
training_1168,True,29.97,8,0.0010010010010010895,1280,720,300,10.01001001001001,h264,ok,10,-2.17,2.2060000000000004,True,
training_117,True,29.97,8,0.0010010010010010895,1280,720,300,10.01001001001001,h264,ok,10,-2.67,7.779000000000001,True,
training_1171,True,29.97,8,0.0010010010010010895,1280,720,300,10.01001001001001,h264,ok,10,-4.91,6.746,False,
training_1173,True,29.97,8,0.0010010010010010895,1280,720,300,10.01001001001001,h264,ok,10,-2.66,5.656000000000001,True,
training_1175,True,29.97,8,0.0010010010010010895,1280,720,300,10.01001001001001,h264,ok,10,-1.68,3.3019999999999996,True,
training_1176,True,29.97,8,0.0010010010010010895,1280,720,300,10.01001001001001,h264,ok,10,-2.64,8.711,True,
training_1178,True,29.97,8,0.0010010010010010895,1280,720,300,10.01001001001001,h264,ok,11,-3.11,4.142727272727273,False,
training_118,True,30.0,8,0.0,1280,720,300,10.0,h264,no_1hz_pairs,4,,,False,
training_1182,True,29.97,8,0.0010010010010010895,1280,720,300,10.01001001001001,h264,ok,10,-3.95,3.3049999999999997,False,
training_1184,True,29.97,8,0.0010010010010010895,1280,720,300,10.01001001001001,h264,ok,10,-0.5200000000000005,4.665000000000001,True,
training_1185,True,29.97,8,0.0010010010010010895,1280,720,300,10.01001001001001,h264,ok,10,-1.5099999999999998,5.409999999999999,True,
training_1186,True,29.97,8,0.0010010010010010895,1280,720,300,10.01001001001001,h264,no_1hz_pairs,3,,,False,
training_1188,True,29.97,8,0.0010010010010010895,1280,720,300,10.01001001001001,h264,ok,10,-1.9800000000000004,7.184,True,
training_1189,True,29.97,8,0.0010010010010010895,1280,720,300,10.01001001001001,h264,ok,10,-1.9100000000000006,5.963,True,
training_1193,True,29.97,8,0.0010010010010010895,1280,720,420,14.014014014014014,h264,ok,14,-5.319999999999999,10.72857142857143,False,
training_1197,True,29.97,8,0.0010010010010010895,1280,720,300,10.01001001001001,h264,ok,10,-1.3056380881139484,5.199,True,
training_1199,True,29.97,8,0.0010010010010010895,1280,720,300,10.01001001001001,h264,ok,10,-2.11,5.179,True,
training_12,True,30.0,8,0.0,1280,720,300,10.0,h264,ok,10,-2.5100000000000002,4.586,True,
training_120,True,30.0,8,0.0,1280,720,300,10.0,h264,ok,10,-1.2000000000000002,4.040000000000001,True,
training_1200,True,59.94,16,0.0010010010010010895,1280,720,600,10.01001001001001,h264,ok,10,-2.6099999999999994,5.543000000000001,True,
training_1202,True,29.97,8,0.0010010010010010895,1280,720,300,10.01001001001001,h264,ok,10,-2.0100000000000002,3.931,True,
training_1209,True,59.94,16,0.0010010010010010895,1280,720,600,10.01001001001001,h264,ok,10,-1.8600000000000003,5.566,True,
training_1212,True,29.97,8,0.0010010010010010895,1280,720,300,10.01001001001001,h264,ok,10,-1.6300000000000008,6.055000000000001,True,
training_1214,True,29.97,8,0.0010010010010010895,1280,720,300,10.01001001001001,h264,ok,10,-2.3400000000000003,6.559,True,
training_1217,True,30.0,8,0.0,1280,720,300,10.0,h264,ok,10,-3.88,4.697000000000001,False,
training_1218,True,29.97,8,0.0010010010010010895,1280,720,360,12.012012012012011,h264,ok,13,-5.880000000000001,9.152307692307694,False,
training_1219,True,29.97,8,0.0010010010010010895,1280,720,420,14.014014014014014,h264,ok,14,-5.1,7.046428571428571,False,
training_122,True,29.97,8,0.0010010010010010895,1280,720,300,10.01001001001001,h264,ok,10,-1.44,4.159,True,
training_1220,True,29.97,8,0.0010010010010010895,1280,720,300,10.01001001001001,h264,ok,10,-1.37,4.914999999999999,True,
training_1221,True,29.97,8,0.0010010010010010895,1280,720,300,10.01001001001001,h264,ok,10,-1.9899999999999998,4.258,True,
training_1224,True,29.97,8,0.0010010010010010895,1280,720,300,10.01001001001001,h264,ok,10,-3.3854165321423,5.427,False,
training_1225,True,30.0,8,0.0,1280,720,300,10.0,h264,ok,10,-1.6399999999999997,5.7429999999999986,True,
training_1227,True,29.97,8,0.0010010010010010895,1280,720,300,10.01001001001001,h264,ok,10,-4.15,4.742,False,
training_1228,True,29.97,8,0.0010010010010010895,1280,720,300,10.01001001001001,h264,ok,10,-8.246627282432733,9.348,False,
training_1230,True,30.0,8,0.0,1280,720,300,10.0,h264,ok,4,0.6900000000000013,8.1975,True,
training_1233,True,59.94,16,0.0010010010010010895,1280,720,600,10.01001001001001,h264,ok,10,-1.96,5.263,True,
training_1234,True,29.97,8,0.0010010010010010895,1280,720,300,10.01001001001001,h264,ok,10,-4.52,4.883,False,
training_1235,True,59.94,16,0.0010010010010010895,1280,720,600,10.01001001001001,h264,no_1hz_pairs,2,,,False,
training_1236,True,29.97,8,0.0010010010010010895,1280,720,300,10.01001001001001,h264,ok,10,-3.02,5.194000000000001,False,
training_1237,True,29.97,8,0.0010010010010010895,1280,720,300,10.01001001001001,h264,ok,10,-1.4800000000000004,5.587000000000001,True,
training_1238,True,29.97,8,0.0010010010010010895,1280,720,300,10.01001001001001,h264,ok,10,-4.590000000000001,8.187000000000001,False,
training_124,True,29.97,8,0.0010010010010010895,1280,720,300,10.01001001001001,h264,ok,10,-3.13,1.5470000000000002,False,
training_1243,True,29.97,8,0.0010010010010010895,1280,720,300,10.01001001001001,h264,no_1hz_pairs,3,,,False,
training_1244,True,29.97,8,0.0010010010010010895,1280,720,570,19.01901901901902,h264,ok,19,-4.290000000000001,7.035263157894738,False,
training_1245,True,29.97,8,0.0010010010010010895,1280,720,300,10.01001001001001,h264,ok,10,-4.639999999999999,9.782,False,
training_1246,True,29.97,8,0.0010010010010010895,1280,720,300,10.01001001001001,h264,ok,10,-1.6,4.889000000000001,True,
training_1247,True,30.0,8,0.0,1280,720,300,10.0,h264,ok,10,-3.3499999999999996,8.234,False,
training_125,True,30.0,8,0.0,1280,720,300,10.0,h264,ok,10,-2.46,3.008,True,
training_1252,True,59.94,16,0.0010010010010010895,1280,720,600,10.01001001001001,h264,ok,10,-1.13,5.504,True,
training_1253,True,30.0,8,0.0,1280,720,540,18.0,h264,ok,18,-5.91,3.215,False,
training_1255,True,59.94,16,0.0010010010010010895,1280,720,600,10.01001001001001,h264,ok,10,-2.4699999999999998,5.115,True,
training_1256,True,29.97,8,0.0010010010010010895,1280,720,300,10.01001001001001,h264,ok,10,-1.7200000000000002,4.31,True,
training_1258,True,30.0,8,0.0,1280,720,300,10.0,h264,ok,10,-1.0300000000000002,4.828,True,
training_1259,True,29.97,8,0.0010010010010010895,1280,720,300,10.01001001001001,h264,ok,10,-2.01,4.776999999999999,True,
training_126,True,29.97,8,0.0010010010010010895,1280,720,300,10.01001001001001,h264,ok,10,-3.1099999999999994,5.836,False,
training_1260,True,29.97,8,0.0010010010010010895,1280,720,300,10.01001001001001,h264,ok,10,-1.63,5.754,True,
training_1263,True,29.97,8,0.0010010010010010895,1280,720,300,10.01001001001001,h264,ok,10,-4.16,4.443,False,
training_1264,True,29.97,8,0.0010010010010010895,1280,720,300,10.01001001001001,h264,ok,10,-2.75,10.300999999999998,True,
training_1268,True,59.94,16,0.0010010010010010895,1280,720,600,10.01001001001001,h264,ok,10,-0.4900000000000002,4.328,True,
training_127,True,29.97,8,0.0010010010010010895,1280,720,300,10.01001001001001,h264,ok,5,-1.120000000000001,7.426,True,
training_1270,True,30.0,8,0.0,1280,720,300,10.0,h264,ok,10,-0.6299999999999999,4.618,True,
training_1271,True,29.97,8,0.0010010010010010895,1280,720,300,10.01001001001001,h264,ok,10,-3.4400000000000004,2.222,False,
training_1272,True,29.97,8,0.0010010010010010895,1280,720,300,10.01001001001001,h264,ok,10,-1.5899999999999999,5.263000000000001,True,
training_1273,True,59.94,16,0.0010010010010010895,1280,720,600,10.01001001001001,h264,ok,10,-2.85,8.424,True,
training_1277,True,29.97,8,0.0010010010010010895,1280,720,300,10.01001001001001,h264,ok,10,-3.05,4.718,False,
training_1279,True,29.97,8,0.0010010010010010895,1280,720,300,10.01001001001001,h264,ok,10,-5.59,8.964,False,
training_1281,True,29.97,8,0.0010010010010010895,1280,720,300,10.01001001001001,h264,ok,10,-1.4,5.358,True,
training_1284,True,29.97,8,0.0010010010010010895,1280,720,300,10.01001001001001,h264,ok,10,-1.87,6.056000000000001,True,
training_1285,True,29.97,8,0.0010010010010010895,1280,720,300,10.01001001001001,h264,ok,10,-2.87,4.01,True,
training_1287,True,29.97,8,0.0010010010010010895,1280,720,300,10.01001001001001,h264,ok,10,-5.9399999999999995,5.639,False,
training_1289,True,29.97,8,0.0010010010010010895,1280,720,300,10.01001001001001,h264,ok,10,-2.84,5.298,True,
training_129,True,29.97,8,0.0010010010010010895,1280,720,300,10.01001001001001,h264,ok,10,-3.85,3.7920000000000003,False,
training_1291,True,29.97,8,0.0010010010010010895,1280,720,300,10.01001001001001,h264,ok,10,-1.62,5.479000000000001,True,
training_1293,True,29.97,8,0.0010010010010010895,1280,720,300,10.01001001001001,h264,ok,10,-1.6700000000000002,4.2620000000000005,True,
training_1295,True,29.97,8,0.0010010010010010895,1280,720,300,10.01001001001001,h264,ok,10,-1.1399999999999997,5.129,True,
training_1297,True,29.97,8,0.0010010010010010895,1280,720,300,10.01001001001001,h264,ok,10,-2.74,10.053999999999998,True,
training_1298,True,60.0,16,0.0,1280,720,600,10.0,h264,ok,10,-2.16,5.851,True,
training_1299,True,29.97,8,0.0010010010010010895,1280,720,300,10.01001001001001,h264,ok,10,-3.25,4.846,False,
training_13,True,29.97,8,0.0010010010010010895,1280,720,300,10.01001001001001,h264,ok,10,-1.1499999999999995,3.839999999999999,True,
training_1302,True,29.97,8,0.0010010010010010895,1280,720,540,18.01801801801802,h264,ok,18,-4.1,4.239999999999999,False,
training_1304,True,29.97,8,0.0010010010010010895,1280,720,300,10.01001001001001,h264,no_1hz_pairs,2,,,False,
training_1305,True,29.97,8,0.0010010010010010895,1280,720,300,10.01001001001001,h264,ok,10,-2.62,3.1430000000000002,True,
training_1306,True,29.97,8,0.0010010010010010895,1280,720,300,10.01001001001001,h264,ok,10,-1.92,5.072,True,
training_1308,True,29.97,8,0.0010010010010010895,1280,720,300,10.01001001001001,h264,ok,10,-1.4,5.156,True,
training_1309,True,29.97,8,0.0010010010010010895,1280,720,300,10.01001001001001,h264,ok,10,-2.83,8.17,True,
training_131,True,29.97,8,0.0010010010010010895,1280,720,300,10.01001001001001,h264,ok,10,-4.29,9.135000000000002,False,
training_1310,True,59.94,16,0.0010010010010010895,1280,720,600,10.01001001001001,h264,ok,5,-0.17999999999999972,7.008000000000001,True,
training_1311,True,30.0,8,0.0,1280,720,300,10.0,h264,ok,10,-1.1799999999999997,5.561000000000001,True,
training_1313,True,29.97,8,0.0010010010010010895,1280,720,300,10.01001001001001,h264,ok,10,-1.6199999999999997,5.449,True,
training_1314,True,29.97,8,0.0010010010010010895,1280,720,300,10.01001001001001,h264,ok,10,-3.9800000000000004,6.447,False,
training_1316,True,29.97,8,0.0010010010010010895,1280,720,300,10.01001001001001,h264,ok,10,-1.1300000000000008,4.509,True,
training_1319,True,59.94,16,0.0010010010010010895,1280,720,600,10.01001001001001,h264,ok,10,-1.94,5.531999999999999,True,
training_1320,True,29.97,8,0.0010010010010010895,1280,720,300,10.01001001001001,h264,ok,10,-3.1499999999999995,5.5550000000000015,False,
training_1323,True,29.97,8,0.0010010010010010895,1280,720,300,10.01001001001001,h264,ok,10,-3.1399999999999997,7.588000000000001,False,
training_1326,True,59.94,16,0.0010010010010010895,1280,720,600,10.01001001001001,h264,no_1hz_pairs,3,,,False,
training_1327,True,59.94,16,0.0010010010010010895,1280,720,600,10.01001001001001,h264,ok,10,-2.6000000000000005,9.169,True,
training_1329,True,30.0,8,0.0,1280,720,300,10.0,h264,ok,10,-1.4900000000000002,4.516,True,
training_1330,True,29.97,8,0.0010010010010010895,1280,720,300,10.01001001001001,h264,ok,10,-2.09,4.661999999999999,True,
training_1333,True,29.97,8,0.0010010010010010895,1280,720,300,10.01001001001001,h264,ok,5,0.05999999999999961,4.9479999999999995,True,
training_1337,True,30.0,8,0.0,1280,720,300,10.0,h264,ok,4,-0.25,8.595,True,
training_134,True,29.97,8,0.0010010010010010895,1280,720,300,10.01001001001001,h264,ok,10,-2.54,6.798,True,
training_1341,True,30.0,8,0.0,1280,720,300,10.0,h264,ok,10,-2.7900000000000005,3.867,True,
training_1342,True,29.97,8,0.0010010010010010895,1280,720,300,10.01001001001001,h264,ok,10,-2.9859715101784174,5.864999999999999,True,
training_1343,True,29.97,8,0.0010010010010010895,1280,720,450,15.015015015015015,h264,ok,15,-3.5199999999999996,5.598,False,
training_1344,True,29.97,8,0.0010010010010010895,1280,720,300,10.01001001001001,h264,no_1hz_pairs,3,,,False,
training_1346,True,30.0,8,0.0,1280,720,300,10.0,h264,ok,10,-1.2700000000000005,5.9959999999999996,True,
training_1347,True,29.97,8,0.0010010010010010895,1280,720,420,14.014014014014014,h264,ok,14,-4.789999999999999,8.24,False,
training_1348,True,29.97,8,0.0010010010010010895,1280,720,300,10.01001001001001,h264,no_1hz_pairs,4,,,False,
training_1351,True,30.0,8,0.0,1280,720,300,10.0,h264,ok,10,-7.640000000000001,6.435,False,
training_1352,True,29.97,8,0.0010010010010010895,1280,720,300,10.01001001001001,h264,ok,10,-1.17,4.214999999999999,True,
training_1353,True,29.97,8,0.0010010010010010895,1280,720,300,10.01001001001001,h264,ok,10,-1.2999999999999998,4.969,True,
training_1354,True,29.97,8,0.0010010010010010895,1280,720,300,10.01001001001001,h264,ok,10,-1.9800000000000004,6.669999999999999,True,
training_1356,True,29.97,8,0.0010010010010010895,1280,720,300,10.01001001001001,h264,ok,10,-4.33,6.858,False,
training_1357,True,29.97,8,0.0010010010010010895,1280,720,510,17.017017017017018,h264,ok,17,-5.180000000000001,7.1364705882352935,False,
training_1359,True,29.97,8,0.0010010010010010895,1280,720,300,10.01001001001001,h264,ok,5,-1.732817050552124,8.196000000000002,True,
training_136,True,29.97,8,0.0010010010010010895,1280,720,300,10.01001001001001,h264,ok,10,-2.0999999999999996,5.062,True,
training_1360,True,59.94,16,0.0010010010010010895,1280,720,600,10.01001001001001,h264,ok,10,-1.4499999999999997,5.366000000000001,True,
training_1361,True,29.97,8,0.0010010010010010895,1280,720,300,10.01001001001001,h264,ok,10,-2.4,5.228,True,
training_1366,True,59.94,16,0.0010010010010010895,1280,720,600,10.01001001001001,h264,ok,10,-2.130000000000001,7.027000000000001,True,
training_137,True,29.97,8,0.0010010010010010895,1280,720,300,10.01001001001001,h264,ok,10,-2.2500000000000004,6.125,True,
training_1371,True,29.97,8,0.0010010010010010895,1280,720,300,10.01001001001001,h264,no_1hz_pairs,2,,,False,
training_1375,True,29.97,8,0.0010010010010010895,1280,720,300,10.01001001001001,h264,no_1hz_pairs,2,,,False,
training_1379,True,29.97,8,0.0010010010010010895,1280,720,390,13.013013013013014,h264,ok,13,-2.3200000000000003,6.876153846153845,True,
training_1381,True,59.94,16,0.0010010010010010895,1280,720,780,13.013013013013014,h264,ok,13,-2.4299999999999997,6.700000000000001,True,
training_1383,True,59.94,16,0.0010010010010010895,1280,720,600,10.01001001001001,h264,ok,10,-0.33000000000000007,3.992,True,
training_1385,True,29.97,8,0.0010010010010010895,1280,720,300,10.01001001001001,h264,ok,10,-1.7699999999999996,5.9559999999999995,True,
training_1387,True,29.97,8,0.0010010010010010895,1280,720,300,10.01001001001001,h264,no_1hz_pairs,3,,,False,
training_1388,True,29.97,8,0.0010010010010010895,1280,720,300,10.01001001001001,h264,ok,10,-2.63,6.116,True,
training_139,True,29.97,8,0.0010010010010010895,1280,720,300,10.01001001001001,h264,ok,11,-2.5997044032422103,4.653636363636364,True,
training_1391,True,29.97,8,0.0010010010010010895,1280,720,300,10.01001001001001,h264,ok,10,-5.7700000000000005,5.39,False,
training_1392,True,59.94,16,0.0010010010010010895,1280,720,600,10.01001001001001,h264,no_1hz_pairs,3,,,False,
training_1393,True,30.0,8,0.0,1280,720,300,10.0,h264,ok,10,-1.9299999999999997,6.331999999999999,True,
training_1395,True,29.97,8,0.0010010010010010895,1280,720,300,10.01001001001001,h264,ok,10,-2.06,5.441000000000001,True,
training_1396,True,30.0,8,0.0,1280,720,300,10.0,h264,ok,10,-1.54,3.1639999999999997,True,
training_1397,True,29.97,8,0.0010010010010010895,1280,720,300,10.01001001001001,h264,ok,10,-1.9700000000000002,5.148,True,
training_1398,True,29.97,8,0.0010010010010010895,1280,720,300,10.01001001001001,h264,ok,10,-3.78,2.319,False,
training_1399,True,29.97,8,0.0010010010010010895,1280,720,300,10.01001001001001,h264,ok,10,-1.0699999999999994,5.465000000000001,True,
training_1401,True,60.0,16,0.0,1280,720,600,10.0,h264,no_1hz_pairs,3,,,False,
training_1407,True,29.97,8,0.0010010010010010895,1280,720,300,10.01001001001001,h264,ok,10,-2.7555106218089422,6.019,True,
training_1408,True,29.97,8,0.0010010010010010895,1280,720,300,10.01001001001001,h264,ok,10,-2.13,6.1450000000000005,True,
training_1409,True,59.94,16,0.0010010010010010895,1280,720,600,10.01001001001001,h264,ok,10,-1.9400000000000004,6.323,True,
training_141,True,30.0,8,0.0,1280,720,300,10.0,h264,ok,10,-4.35,6.529999999999999,False,
training_1411,True,29.97,8,0.0010010010010010895,1280,720,300,10.01001001001001,h264,ok,10,-3.6800000000000006,7.733000000000001,False,
training_1414,True,29.97,8,0.0010010010010010895,1280,720,300,10.01001001001001,h264,ok,10,-4.49,8.102,False,
training_1415,True,29.97,8,0.0010010010010010895,1280,720,300,10.01001001001001,h264,ok,10,-2.61,5.676000000000001,True,
training_1418,True,30.0,8,0.0,1280,720,660,22.0,h264,ok,22,-2.6500000000000004,4.189090909090909,True,
training_1422,True,29.97,8,0.0010010010010010895,1280,720,300,10.01001001001001,h264,ok,10,-3.28,4.397,False,
training_1426,True,29.97,8,0.0010010010010010895,1280,720,300,10.01001001001001,h264,ok,10,-2.88,7.942,True,
training_1428,True,29.97,8,0.0010010010010010895,1280,720,300,10.01001001001001,h264,ok,10,-3.16,5.354000000000001,False,
training_1429,True,29.97,8,0.0010010010010010895,1280,720,300,10.01001001001001,h264,ok,10,-5.24,8.509000000000002,False,
training_1430,True,29.97,8,0.0010010010010010895,1280,720,300,10.01001001001001,h264,ok,10,-2.1399999999999997,5.687,True,
training_1432,True,59.94,16,0.0010010010010010895,1280,720,600,10.01001001001001,h264,ok,10,-1.9399999999999995,5.958,True,
training_1433,True,29.97,8,0.0010010010010010895,1280,720,360,12.012012012012011,h264,ok,12,-3.3999999999999986,9.899166666666668,False,
training_1434,True,29.97,8,0.0010010010010010895,1280,720,300,10.01001001001001,h264,ok,10,-1.66,3.967,True,
training_1435,True,29.97,8,0.0010010010010010895,1280,720,300,10.01001001001001,h264,ok,10,-4.17,7.878,False,
training_1440,True,29.97,8,0.0010010010010010895,1280,720,300,10.01001001001001,h264,no_1hz_pairs,4,,,False,
training_1442,True,29.97,8,0.0010010010010010895,1280,720,300,10.01001001001001,h264,ok,10,-1.6383617569902376,5.3759999999999994,True,
training_1443,True,29.97,8,0.0010010010010010895,1280,720,300,10.01001001001001,h264,ok,10,-2.4400000000000004,5.688999999999999,True,
training_1444,True,30.0,8,0.0,1280,720,300,10.0,h264,ok,10,-4.99,7.311999999999999,False,
training_1447,True,29.97,8,0.0010010010010010895,1280,720,300,10.01001001001001,h264,ok,10,-2.1100000000000003,5.64,True,
training_1448,True,29.97,8,0.0010010010010010895,1280,720,300,10.01001001001001,h264,ok,10,-2.48,3.013,True,
training_1449,True,30.0,8,0.0,1280,720,300,10.0,h264,ok,10,-0.41000000000000014,4.25,True,
training_145,True,30.0,8,0.0,1280,720,360,12.0,h264,ok,12,-3.5999999999999996,6.348333333333333,False,
training_1451,True,29.97,8,0.0010010010010010895,1280,720,300,10.01001001001001,h264,no_1hz_pairs,3,,,False,
training_1454,True,30.0,8,0.0,1280,720,300,10.0,h264,ok,10,-1.9100000000000001,3.179,True,
training_1455,True,29.97,8,0.0010010010010010895,1280,720,300,10.01001001001001,h264,ok,10,-2.16,6.078,True,
training_1457,True,59.94,16,0.0010010010010010895,1280,720,600,10.01001001001001,h264,ok,11,-3.9618857403447048,7.015454545454545,False,
training_146,True,120.0,32,0.0,1280,720,1200,10.0,h264,ok,10,-2.5200000000000005,7.026999999999999,True,
training_1464,True,29.97,8,0.0010010010010010895,1280,720,300,10.01001001001001,h264,ok,10,-3.209999999999999,4.195,False,
training_147,True,29.97,8,0.0010010010010010895,1280,720,300,10.01001001001001,h264,ok,10,-3.8600000000000003,8.202,False,
training_1470,True,29.97,8,0.0010010010010010895,1280,720,300,10.01001001001001,h264,ok,10,-1.3499999999999996,5.109,True,
training_1471,True,29.97,8,0.0010010010010010895,1280,720,300,10.01001001001001,h264,ok,10,-3.27,5.253,False,
training_1472,True,29.97,8,0.0010010010010010895,1280,720,300,10.01001001001001,h264,no_1hz_pairs,4,,,False,
training_1477,True,29.97,8,0.0010010010010010895,1280,720,300,10.01001001001001,h264,ok,10,-2.24,5.612,True,
training_148,True,29.97,8,0.0010010010010010895,1280,720,300,10.01001001001001,h264,ok,10,-3.0200000000000005,7.351000000000001,False,
training_1480,True,29.97,8,0.0010010010010010895,1280,720,300,10.01001001001001,h264,ok,10,-2.5000000000000004,6.293000000000001,True,
training_1482,True,29.97,8,0.0010010010010010895,1280,720,300,10.01001001001001,h264,ok,10,-0.8800000000000003,4.268999999999999,True,
training_1483,True,30.0,8,0.0,1280,720,300,10.0,h264,ok,10,-1.7999999999999998,2.769,True,
training_1484,True,29.97,8,0.0010010010010010895,1280,720,300,10.01001001001001,h264,ok,10,-1.96,6.0729999999999995,True,
training_1487,True,29.97,8,0.0010010010010010895,1280,720,300,10.01001001001001,h264,no_1hz_pairs,2,,,False,
training_1489,True,29.97,8,0.0010010010010010895,1280,720,300,10.01001001001001,h264,ok,10,-3.12,3.2120000000000006,False,
training_1490,True,30.0,8,0.0,1280,720,300,10.0,h264,ok,10,-0.8900000000000001,3.7359999999999998,True,
training_1492,True,59.94,16,0.0010010010010010895,1280,720,600,10.01001001001001,h264,ok,10,-2.45,6.491,True,
training_1494,True,30.0,8,0.0,1280,720,300,10.0,h264,no_1hz_pairs,4,,,False,
training_1497,True,29.97,8,0.0010010010010010895,1280,720,480,16.016016016016017,h264,ok,16,-2.87,5.0225,True,
training_1499,True,30.0,8,0.0,1280,720,300,10.0,h264,no_1hz_pairs,3,,,False,
training_15,True,29.97,8,0.0010010010010010895,1280,720,300,10.01001001001001,h264,ok,10,-2.25,4.42,True,
training_1500,True,29.97,8,0.0010010010010010895,1280,720,510,17.017017017017018,h264,ok,17,-3.054435166736766,4.812941176470589,False,
training_1506,True,29.97,8,0.0010010010010010895,1280,720,300,10.01001001001001,h264,ok,10,-1.0499999999999998,3.2,True,
training_1507,True,30.0,8,0.0,1280,720,300,10.0,h264,ok,10,-1.7100000000000004,5.987,True,
training_151,True,59.94,16,0.0010010010010010895,1280,720,600,10.01001001001001,h264,ok,10,-4.08,6.923,False,
training_1510,True,29.97,8,0.0010010010010010895,1280,720,600,20.02002002002002,h264,ok,20,-3.83,4.4575,False,
training_1511,True,29.97,8,0.0010010010010010895,1280,720,300,10.01001001001001,h264,ok,10,-0.6100000000000003,4.171000000000001,True,
training_1512,True,59.94,16,0.0010010010010010895,1280,720,600,10.01001001001001,h264,ok,5,1.58,7.480000000000001,True,
training_1513,True,29.97,8,0.0010010010010010895,1280,720,300,10.01001001001001,h264,ok,10,-2.23,5.106000000000001,True,
training_1515,True,29.97,8,0.0010010010010010895,1280,720,300,10.01001001001001,h264,ok,10,-3.7300000000000004,3.8760000000000003,False,
training_1516,True,30.0,8,0.0,1280,720,300,10.0,h264,ok,10,-4.23,6.025,False,
training_1518,True,29.97,8,0.0010010010010010895,1280,720,300,10.01001001001001,h264,ok,10,-2.9100000000000006,3.1260000000000003,True,
training_1519,True,29.97,8,0.0010010010010010895,1280,720,300,10.01001001001001,h264,ok,10,-1.4700000000000002,5.252000000000001,True,
training_152,True,29.97,8,0.0010010010010010895,1280,720,600,20.02002002002002,h264,ok,20,-4.1,7.651500000000001,False,
training_1520,True,30.0,8,0.0,1280,720,300,10.0,h264,ok,10,-0.9199999999999999,4.015,True,
training_1521,True,29.97,8,0.0010010010010010895,1280,720,300,10.01001001001001,h264,ok,10,-2.6699999999999995,4.685999999999999,True,
training_1522,True,29.97,8,0.0010010010010010895,1280,720,300,10.01001001001001,h264,ok,10,-2.39,6.182,True,
training_1523,True,29.97,8,0.0010010010010010895,1280,720,300,10.01001001001001,h264,no_1hz_pairs,2,,,False,
training_1527,True,29.97,8,0.0010010010010010895,1280,720,300,10.01001001001001,h264,ok,10,-0.6299999999999999,5.311,True,
training_1528,True,29.97,8,0.0010010010010010895,1280,720,300,10.01001001001001,h264,ok,10,-2.2699999999999996,6.192,True,
training_1529,True,29.97,8,0.0010010010010010895,1280,720,300,10.01001001001001,h264,ok,10,-3.7300000000000004,5.571,False,
training_153,True,29.97,8,0.0010010010010010895,1280,720,300,10.01001001001001,h264,ok,10,-3.4299999999999997,2.05,False,
training_1530,True,29.97,8,0.0010010010010010895,1280,720,300,10.01001001001001,h264,ok,10,-4.36,6.894,False,
training_1531,True,29.97,8,0.0010010010010010895,1280,720,300,10.01001001001001,h264,ok,10,-2.039999999999999,5.568,True,
training_1532,True,29.97,8,0.0010010010010010895,1280,720,390,13.013013013013014,h264,ok,13,-4.9399999999999995,13.700769230769232,False,
training_1533,True,29.97,8,0.0010010010010010895,1280,720,300,10.01001001001001,h264,ok,10,-1.8899999999999997,5.045,True,
training_1536,True,29.97,8,0.0010010010010010895,1280,720,300,10.01001001001001,h264,ok,10,-3.92,4.077,False,
training_1537,True,29.97,8,0.0010010010010010895,1280,720,300,10.01001001001001,h264,ok,10,-2.0700000000000003,4.327999999999999,True,
training_1538,True,29.97,8,0.0010010010010010895,1280,720,360,12.012012012012011,h264,ok,12,-3.6400000000000006,7.764166666666667,False,
training_1539,True,29.97,8,0.0010010010010010895,1280,720,390,13.013013013013014,h264,ok,13,-2.3900000000000006,6.443846153846153,True,
training_1541,True,29.97,8,0.0010010010010010895,1280,720,479,15.98264931598265,h264,ok,16,-1.201171957782214,4.06875,True,
training_1542,True,30.0,8,0.0,1280,720,300,10.0,h264,ok,10,-1.33,4.852,True,
training_1543,True,29.97,8,0.0010010010010010895,1280,720,300,10.01001001001001,h264,ok,10,-1.7700000000000005,2.8970000000000002,True,
training_1544,True,30.0,8,0.0,1280,720,600,20.0,h264,ok,20,-5.210000000000001,16.646,False,
training_1545,True,29.97,8,0.0010010010010010895,1280,720,300,10.01001001001001,h264,ok,10,-2.8000000000000003,3.374,True,
training_1549,True,29.97,8,0.0010010010010010895,1280,720,300,10.01001001001001,h264,ok,10,-2.3600000000000003,6.87,True,
training_155,True,29.97,8,0.0010010010010010895,1280,720,300,10.01001001001001,h264,ok,10,-1.9699999999999998,7.150000000000001,True,
training_1550,True,30.0,8,0.0,1280,720,300,10.0,h264,ok,10,-1.5999999999999999,5.106,True,
training_1552,True,29.97,8,0.0010010010010010895,1280,720,300,10.01001001001001,h264,ok,10,-3.1862745693856516,7.069,False,
training_1553,True,29.97,8,0.0010010010010010895,1280,720,300,10.01001001001001,h264,ok,10,-2.1999999999999997,1.5919999999999999,True,
training_1554,True,29.97,8,0.0010010010010010895,1280,720,300,10.01001001001001,h264,ok,11,-1.9000000000000004,4.96,True,
training_1555,True,30.0,8,0.0,1280,720,300,10.0,h264,ok,10,-3.49,2.468,False,
training_1556,True,29.97,8,0.0010010010010010895,1280,720,300,10.01001001001001,h264,ok,10,-3.9300000000000006,3.739,False,
training_1559,True,29.97,8,0.0010010010010010895,1280,720,300,10.01001001001001,h264,ok,10,-4.460000000000001,8.787,False,
training_156,True,29.97,8,0.0010010010010010895,1280,720,300,10.01001001001001,h264,ok,10,-1.91,4.8309999999999995,True,
training_1561,True,30.0,8,0.0,1280,720,300,10.0,h264,ok,10,-4.58,7.3,False,
training_1562,True,29.97,8,0.0010010010010010895,1280,720,300,10.01001001001001,h264,ok,10,-3.1799999999999997,1.779,False,
training_1565,True,29.97,8,0.0010010010010010895,1280,720,300,10.01001001001001,h264,ok,10,-1.9800000000000004,5.048,True,
training_1567,True,29.97,8,0.0010010010010010895,1280,720,300,10.01001001001001,h264,ok,10,-1.6600000000000001,5.702,True,
training_1569,True,30.0,8,0.0,1280,720,300,10.0,h264,ok,10,-1.9399999999999995,5.191999999999999,True,
training_1576,True,29.97,8,0.0010010010010010895,1280,720,300,10.01001001001001,h264,ok,10,-2.7399999999999998,4.444999999999999,True,
training_1582,True,59.94,16,0.0010010010010010895,1280,720,600,10.01001001001001,h264,ok,10,-2.46,5.542999999999999,True,
training_1584,True,29.97,8,0.0010010010010010895,1280,720,300,10.01001001001001,h264,ok,10,-2.3400000000000007,5.654,True,
training_1585,True,29.97,8,0.0010010010010010895,1280,720,300,10.01001001001001,h264,no_1hz_pairs,3,,,False,
training_1586,True,29.97,8,0.0010010010010010895,1280,720,420,14.014014014014014,h264,ok,14,-3.8699999999999997,9.049999999999999,False,
training_1587,True,29.97,8,0.0010010010010010895,1280,720,300,10.01001001001001,h264,ok,10,-5.4399999999999995,10.247000000000002,False,
training_159,True,30.0,8,0.0,1280,720,300,10.0,h264,ok,10,-7.29,6.009,False,
training_1590,True,30.0,8,0.0,1280,720,300,10.0,h264,ok,10,-1.6399999999999997,5.698,True,
training_1594,True,29.97,8,0.0010010010010010895,1280,720,300,10.01001001001001,h264,ok,10,-2.8900000000000006,6.805999999999999,True,
training_1596,True,29.97,8,0.0010010010010010895,1280,720,300,10.01001001001001,h264,ok,10,-2.967033181866466,8.035,True,
training_1598,True,30.0,8,0.0,1280,720,301,10.033333333333333,h264,ok,10,-9.48,8.909,False,
training_1600,True,30.0,8,0.0,1280,720,480,16.0,h264,ok,16,-3.8600000000000003,5.44875,False,
training_1602,True,29.97,8,0.0010010010010010895,1280,720,300,10.01001001001001,h264,ok,10,-4.5600000000000005,3.7380000000000004,False,
training_1603,True,29.97,8,0.0010010010010010895,1280,720,300,10.01001001001001,h264,ok,10,-1.8900000000000006,5.154000000000001,True,
training_1604,True,29.97,8,0.0010010010010010895,1280,720,300,10.01001001001001,h264,ok,10,-2.71,3.3810000000000002,True,
training_1605,True,30.0,8,0.0,1280,720,300,10.0,h264,no_1hz_pairs,3,,,False,
training_1606,True,29.97,8,0.0010010010010010895,1280,720,300,10.01001001001001,h264,ok,10,-5.260000000000001,10.177,False,
training_1607,True,29.97,8,0.0010010010010010895,1280,720,300,10.01001001001001,h264,ok,10,-2.54,5.414,True,
training_1609,True,29.97,8,0.0010010010010010895,1280,720,300,10.01001001001001,h264,ok,10,-1.9700000000000006,5.691000000000001,True,
training_161,True,29.97,8,0.0010010010010010895,1280,720,300,10.01001001001001,h264,ok,10,-2.46,6.7620000000000005,True,
training_1610,True,30.0,8,0.0,1280,720,300,10.0,h264,ok,10,-3.1399999999999997,4.256,False,
training_1612,True,29.97,8,0.0010010010010010895,1280,720,300,10.01001001001001,h264,ok,10,-1.2999999999999998,4.78,True,
training_1615,True,59.94,16,0.0010010010010010895,1280,720,600,10.01001001001001,h264,ok,11,-2.3929747179476832,6.680909090909091,True,
training_1617,True,29.97,8,0.0010010010010010895,1280,720,300,10.01001001001001,h264,ok,10,-2.870000000000001,6.662999999999999,True,
training_162,True,29.97,8,0.0010010010010010895,1280,720,300,10.01001001001001,h264,ok,10,-2.3400000000000003,4.194,True,
training_1622,True,29.97,8,0.0010010010010010895,1280,720,300,10.01001001001001,h264,ok,10,-2.5200000000000005,5.874,True,
training_1623,True,59.94,16,0.0010010010010010895,1280,720,600,10.01001001001001,h264,ok,10,-3.4399999999999995,5.685,False,
training_1624,True,29.97,8,0.0010010010010010895,1280,720,300,10.01001001001001,h264,ok,10,-1.3599999999999999,4.394,True,
training_1625,True,60.0,16,0.0,1280,720,600,10.0,h264,ok,10,-4.02,4.319,False,
training_1629,True,29.97,8,0.0010010010010010895,1280,720,300,10.01001001001001,h264,ok,10,-1.0,4.12,True,
training_163,True,29.97,8,0.0010010010010010895,1280,720,300,10.01001001001001,h264,ok,10,-1.6300000000000001,5.172,True,
training_1630,True,59.94,16,0.0010010010010010895,1280,720,600,10.01001001001001,h264,ok,10,-0.7000000000000002,5.204000000000001,True,
training_1632,True,30.0,8,0.0,1280,720,300,10.0,h264,ok,10,-2.25,5.949000000000001,True,
training_1634,True,29.97,8,0.0010010010010010895,1280,720,480,16.016016016016017,h264,ok,16,-3.4099999999999997,4.621874999999999,False,
training_1638,True,30.0,8,0.0,1280,720,300,10.0,h264,ok,10,-3.11,11.106,False,
training_1639,True,29.97,8,0.0010010010010010895,1280,720,300,10.01001001001001,h264,ok,10,-2.2199999999999998,5.427,True,
training_164,True,29.97,8,0.0010010010010010895,1280,720,300,10.01001001001001,h264,ok,10,-3.34,5.313999999999999,False,
training_1640,True,29.97,8,0.0010010010010010895,1280,720,300,10.01001001001001,h264,ok,10,-4.069999999999999,2.822,False,
training_1642,True,29.97,8,0.0010010010010010895,1280,720,300,10.01001001001001,h264,ok,10,-1.0499999999999998,4.904999999999999,True,
training_1643,True,29.97,8,0.0010010010010010895,1280,720,300,10.01001001001001,h264,ok,10,-1.8800000000000008,5.938000000000001,True,
training_1647,True,29.97,8,0.0010010010010010895,1280,720,300,10.01001001001001,h264,ok,10,-1.84,4.833,True,
training_1649,True,30.0,8,0.0,1280,720,300,10.0,h264,ok,10,-0.46999999999999975,3.682,True,
training_165,True,30.0,8,0.0,1280,720,300,10.0,h264,ok,10,-2.1700000000000004,6.33,True,
training_1652,True,29.97,8,0.0010010010010010895,1280,720,300,10.01001001001001,h264,ok,10,-1.3299999999999996,5.203,True,
training_1654,True,29.97,8,0.0010010010010010895,1280,720,300,10.01001001001001,h264,ok,10,-1.4900000000000002,5.893999999999999,True,
training_1656,True,29.97,8,0.0010010010010010895,1280,720,300,10.01001001001001,h264,ok,10,-6.216215468509634,6.192,False,
training_1657,True,29.97,8,0.0010010010010010895,1280,720,300,10.01001001001001,h264,ok,10,-3.12,4.963,False,
training_1658,True,29.97,8,0.0010010010010010895,1280,720,300,10.01001001001001,h264,ok,10,-1.7999999999999998,2.3,True,
training_1659,True,29.97,8,0.0010010010010010895,1280,720,300,10.01001001001001,h264,ok,10,-3.3699999999999997,8.753,False,
training_166,True,29.97,8,0.0010010010010010895,1280,720,300,10.01001001001001,h264,ok,10,-4.62732995088231,5.766,False,
training_1660,True,30.0,8,0.0,1280,720,300,10.0,h264,ok,7,-2.9700000000000006,10.917142857142855,True,
training_1665,True,29.97,8,0.0010010010010010895,1280,720,300,10.01001001001001,h264,ok,10,-1.25,5.414,True,
training_1667,True,29.97,8,0.0010010010010010895,1280,720,300,10.01001001001001,h264,ok,10,-1.85,3.418,True,
training_1668,True,59.83,16,0.0028413839211098857,1280,720,599,10.011699816145747,h264,ok,10,-2.6900000000000004,8.235,True,
training_1672,True,29.97,8,0.0010010010010010895,1280,720,300,10.01001001001001,h264,ok,10,-2.9176756323793223,6.071999999999999,True,
training_1675,True,29.97,8,0.0010010010010010895,1280,720,300,10.01001001001001,h264,ok,10,-1.98622261505475,5.601999999999999,True,
training_1677,True,30.0,8,0.0,1280,720,300,10.0,h264,no_1hz_pairs,5,,,False,
training_1678,True,29.97,8,0.0010010010010010895,1280,720,300,10.01001001001001,h264,ok,10,-1.42,4.965,True,
training_1679,True,30.0,8,0.0,1280,720,300,10.0,h264,ok,10,-2.43,5.07,True,
training_168,True,29.97,8,0.0010010010010010895,1280,720,300,10.01001001001001,h264,ok,10,-1.6099999999999999,3.411,True,
training_1680,True,30.0,8,0.0,1280,720,300,10.0,h264,too_short,1,,,False,
training_1684,True,29.97,8,0.0010010010010010895,1280,720,300,10.01001001001001,h264,ok,10,-3.6363638996612595,3.982,False,
training_1685,True,29.97,8,0.0010010010010010895,1280,720,300,10.01001001001001,h264,ok,10,-3.23,5.257,False,
training_1687,True,30.0,8,0.0,1280,720,300,10.0,h264,ok,10,-3.482905578357301,4.248,False,
training_1688,True,59.94,16,0.0010010010010010895,1280,720,600,10.01001001001001,h264,ok,10,-2.28,5.020999999999999,True,
training_169,True,59.94,16,0.0010010010010010895,1280,720,600,10.01001001001001,h264,ok,10,-1.69,4.932,True,
training_1690,True,30.0,8,0.0,1280,720,300,10.0,h264,ok,10,-2.3099999999999996,5.139,True,
training_1691,True,29.97,8,0.0010010010010010895,1280,720,300,10.01001001001001,h264,no_1hz_pairs,2,,,False,
training_1693,True,29.97,8,0.0010010010010010895,1280,720,300,10.01001001001001,h264,ok,10,-2.64,5.561999999999999,True,
training_1696,True,29.97,8,0.0010010010010010895,1280,720,300,10.01001001001001,h264,ok,10,-3.1799999999999997,6.517,False,
training_1698,True,30.0,8,0.0,1280,720,960,32.0,h264,ok,32,-5.03,7.9225,False,
training_17,True,30.0,8,0.0,1280,720,300,10.0,h264,ok,10,-4.27,10.988,False,
training_1700,True,30.0,8,0.0,1280,720,300,10.0,h264,ok,10,-3.54,2.376,False,
training_1701,True,29.97,8,0.0010010010010010895,1280,720,390,13.013013013013014,h264,ok,13,-4.680000000000001,9.30923076923077,False,
training_1704,True,29.97,8,0.0010010010010010895,1280,720,300,10.01001001001001,h264,ok,10,-2.04,5.87,True,
training_1707,True,29.97,8,0.0010010010010010895,1280,720,300,10.01001001001001,h264,ok,10,-2.06,5.26,True,
training_1708,True,29.97,8,0.0010010010010010895,1280,720,300,10.01001001001001,h264,ok,10,-2.5,3.902,True,
training_1709,True,29.97,8,0.0010010010010010895,1280,720,300,10.01001001001001,h264,ok,4,-0.6400000000000006,6.8500000000000005,True,
training_1711,True,29.97,8,0.0010010010010010895,1280,720,300,10.01001001001001,h264,ok,10,-2.45,1.4320000000000002,True,
training_1712,True,29.97,8,0.0010010010010010895,1280,720,420,14.014014014014014,h264,ok,14,-2.8000000000000007,8.010714285714286,True,
training_1713,True,29.97,8,0.0010010010010010895,1280,720,300,10.01001001001001,h264,ok,10,-4.1000000000000005,5.876,False,
training_1714,True,29.97,8,0.0010010010010010895,1280,720,300,10.01001001001001,h264,ok,10,-1.5500000000000003,3.729,True,
training_1715,True,29.97,8,0.0010010010010010895,1280,720,300,10.01001001001001,h264,ok,10,-2.42,5.98,True,
training_1718,True,29.97,8,0.0010010010010010895,1280,720,300,10.01001001001001,h264,ok,10,-3.0199999999999996,8.977999999999998,False,
training_1720,True,29.97,8,0.0010010010010010895,1280,720,300,10.01001001001001,h264,ok,10,-2.09,5.561,True,
training_1721,True,29.97,8,0.0010010010010010895,1280,720,480,16.016016016016017,h264,ok,16,-2.2600000000000007,5.17,True,
training_1725,True,30.0,8,0.0,1280,720,300,10.0,h264,ok,10,-2.0,6.004000000000001,True,
training_1726,True,29.97,8,0.0010010010010010895,1280,720,300,10.01001001001001,h264,ok,10,-3.24,5.613,False,
training_1728,True,29.97,8,0.0010010010010010895,1280,720,450,15.015015015015015,h264,ok,15,-5.96,13.491333333333332,False,
training_1729,True,30.0,8,0.0,1280,720,510,17.0,h264,ok,17,-2.6900000000000004,4.2564705882352944,True,
training_173,True,30.0,8,0.0,1280,720,300,10.0,h264,ok,10,-1.5199999999999996,4.614,True,
training_1730,True,59.94,16,0.0010010010010010895,1280,720,600,10.01001001001001,h264,ok,10,-3.879999999999999,9.304,False,
training_1733,True,29.97,8,0.0010010010010010895,1280,720,300,10.01001001001001,h264,ok,10,-1.9900000000000002,5.218999999999999,True,
training_1734,True,29.97,8,0.0010010010010010895,1280,720,300,10.01001001001001,h264,ok,10,-7.83,9.487,False,
training_1735,True,29.97,8,0.0010010010010010895,1280,720,300,10.01001001001001,h264,ok,10,-2.5999999999999996,6.556,True,
training_1736,True,29.97,8,0.0010010010010010895,1280,720,300,10.01001001001001,h264,ok,10,-3.59,4.621,False,
training_1738,True,29.97,8,0.0010010010010010895,1280,720,300,10.01001001001001,h264,ok,10,-2.71,7.881,True,
training_1739,True,29.97,8,0.0010010010010010895,1280,720,300,10.01001001001001,h264,ok,10,-2.3900000000000006,5.799,True,
training_174,True,59.94,16,0.0010010010010010895,1280,720,600,10.01001001001001,h264,ok,10,-1.9100000000000001,5.589,True,
training_1741,True,29.97,8,0.0010010010010010895,1280,720,300,10.01001001001001,h264,no_1hz_pairs,2,,,False,
training_175,True,59.94,16,0.0010010010010010895,1280,720,600,10.01001001001001,h264,ok,10,-2.2077918417987,6.492,True,
training_176,True,30.0,8,0.0,1280,720,300,10.0,h264,ok,5,-0.23999999999999932,6.4159999999999995,True,
training_177,True,29.97,8,0.0010010010010010895,1280,720,300,10.01001001001001,h264,no_1hz_pairs,4,,,False,
training_178,True,29.97,8,0.0010010010010010895,1280,720,300,10.01001001001001,h264,ok,10,-2.5999999999999996,3.9019999999999997,True,
training_18,True,29.97,8,0.0010010010010010895,1280,720,780,26.026026026026027,h264,ok,26,-2.460000000000001,7.4350000000000005,True,
training_181,True,29.97,8,0.0010010010010010895,1280,720,300,10.01001001001001,h264,ok,10,-5.39,6.462000000000001,False,
training_183,True,30.0,8,0.0,1280,720,300,10.0,h264,no_1hz_pairs,4,,,False,
training_184,True,29.97,8,0.0010010010010010895,1280,720,420,14.014014014014014,h264,ok,14,-2.3,6.242857142857143,True,
training_188,True,30.0,8,0.0,1280,720,300,10.0,h264,ok,10,-2.5999999999999996,3.9019999999999997,True,
training_190,True,29.97,8,0.0010010010010010895,1280,720,300,10.01001001001001,h264,ok,10,-1.0100000000000007,5.352,True,
training_194,True,30.0,8,0.0,1280,720,300,10.0,h264,too_short,1,,,False,
training_195,True,29.97,8,0.0010010010010010895,1280,720,300,10.01001001001001,h264,ok,10,-3.5,5.421000000000001,False,
training_196,True,29.97,8,0.0010010010010010895,1280,720,300,10.01001001001001,h264,ok,10,-2.8,5.046000000000001,True,
training_198,True,29.97,8,0.0010010010010010895,1280,720,360,12.012012012012011,h264,ok,12,-3.6300000000000003,4.979166666666666,False,
training_2,True,29.97,8,0.0010010010010010895,1280,720,300,10.01001001001001,h264,ok,10,-2.6499999999999995,1.843,True,
training_20,True,29.97,8,0.0010010010010010895,1280,720,300,10.01001001001001,h264,ok,10,-3.27,5.242,False,
training_200,True,30.0,8,0.0,1280,720,300,10.0,h264,ok,10,-2.8499999999999996,4.581,True,
training_201,True,59.94,16,0.0010010010010010895,1280,720,600,10.01001001001001,h264,ok,10,-2.2299999999999995,7.466000000000001,True,
training_202,True,30.0,8,0.0,1280,720,300,10.0,h264,ok,10,-2.66,3.215,True,
training_206,True,29.97,8,0.0010010010010010895,1280,720,300,10.01001001001001,h264,ok,10,-2.18,5.127,True,
training_215,True,29.97,8,0.0010010010010010895,1280,720,360,12.012012012012011,h264,ok,12,-4.64,7.814166666666666,False,
training_217,True,29.97,8,0.0010010010010010895,1280,720,300,10.01001001001001,h264,ok,10,-2.7300000000000004,7.288000000000001,True,
training_218,True,29.97,8,0.0010010010010010895,1280,720,300,10.01001001001001,h264,ok,10,-1.9200000000000002,5.206,True,
training_22,True,29.97,8,0.0010010010010010895,1280,720,300,10.01001001001001,h264,ok,10,-1.6600000000000001,6.957000000000001,True,
training_221,True,30.0,8,0.0,1280,720,300,10.0,h264,ok,10,-1.6799999999999997,5.553,True,
training_222,True,29.97,8,0.0010010010010010895,1280,720,300,10.01001001001001,h264,ok,10,-4.71,5.491,False,
training_223,True,29.97,8,0.0010010010010010895,1280,720,300,10.01001001001001,h264,ok,10,-4.840000000000001,11.126000000000001,False,
training_226,True,60.0,16,0.0,1280,720,600,10.0,h264,no_1hz_pairs,4,,,False,
training_227,True,59.94,16,0.0010010010010010895,1280,720,720,12.012012012012011,h264,ok,12,-4.4355647567296685,8.7225,False,
training_228,True,29.97,8,0.0010010010010010895,1280,720,300,10.01001001001001,h264,ok,10,-3.8899999999999997,8.123999999999999,False,
training_229,True,29.97,8,0.0010010010010010895,1280,720,300,10.01001001001001,h264,ok,10,-1.4000000000000004,5.6450000000000005,True,
training_23,True,29.97,8,0.0010010010010010895,1280,720,300,10.01001001001001,h264,no_1hz_pairs,4,,,False,
training_230,True,59.94,16,0.0010010010010010895,1280,720,600,10.01001001001001,h264,ok,10,-1.4800000000000004,5.516,True,
training_231,True,30.0,8,0.0,1280,720,300,10.0,h264,ok,10,-2.0500000000000007,6.432,True,
training_234,True,29.97,8,0.0010010010010010895,1280,720,300,10.01001001001001,h264,ok,10,-2.7799999999999994,6.973999999999999,True,
training_235,True,30.0,8,0.0,1280,720,360,12.0,h264,ok,12,-3.2699999999999996,7.5,False,
training_237,True,59.94,16,0.0010010010010010895,1280,720,600,10.01001001001001,h264,ok,10,-1.4100000000000001,5.425,True,
training_239,True,29.97,8,0.0010010010010010895,1280,720,600,20.02002002002002,h264,no_1hz_pairs,7,,,False,
training_243,True,29.97,8,0.0010010010010010895,1280,720,300,10.01001001001001,h264,no_1hz_pairs,3,,,False,
training_244,True,59.94,16,0.0010010010010010895,1280,720,720,12.012012012012011,h264,ok,12,-6.58658610871791,8.855,False,
training_245,True,29.97,8,0.0010010010010010895,1280,720,300,10.01001001001001,h264,no_1hz_pairs,3,,,False,
training_246,True,29.97,8,0.0010010010010010895,1280,720,300,10.01001001001001,h264,no_1hz_pairs,4,,,False,
training_247,True,30.0,8,0.0,1280,720,300,10.0,h264,ok,10,-5.49,5.881,False,
training_248,True,59.94,16,0.0010010010010010895,1280,720,600,10.01001001001001,h264,ok,10,-2.7,3.4939999999999998,True,
training_250,True,29.97,8,0.0010010010010010895,1280,720,300,10.01001001001001,h264,no_1hz_pairs,5,,,False,
training_251,True,29.97,8,0.0010010010010010895,1280,720,300,10.01001001001001,h264,ok,5,-0.41000000000000014,6.525999999999999,True,
training_252,True,30.0,8,0.0,1280,720,300,10.0,h264,ok,10,-3.82,5.539,False,
training_253,True,30.0,8,0.0,1280,720,300,10.0,h264,ok,4,-0.11999999999999922,7.9425,True,
training_255,True,59.94,16,0.0010010010010010895,1280,720,600,10.01001001001001,h264,ok,10,-2.51,6.394,True,
training_256,True,29.97,8,0.0010010010010010895,1280,720,300,10.01001001001001,h264,ok,10,-6.859999999999999,8.759,False,
training_259,True,30.0,8,0.0,1280,720,300,10.0,h264,ok,10,-1.6100000000000003,5.836,True,
training_262,True,60.0,16,0.0,1280,720,600,10.0,h264,ok,10,-1.92,5.134,True,
training_263,True,29.97,8,0.0010010010010010895,1280,720,300,10.01001001001001,h264,ok,10,-1.75,5.498,True,
training_264,True,30.0,8,0.0,1280,720,300,10.0,h264,ok,10,-3.47,5.628,False,
training_266,True,29.97,8,0.0010010010010010895,1280,720,300,10.01001001001001,h264,no_1hz_pairs,4,,,False,
training_268,True,29.97,8,0.0010010010010010895,1280,720,300,10.01001001001001,h264,ok,10,-2.04,5.936999999999999,True,
training_269,True,29.97,8,0.0010010010010010895,1280,720,300,10.01001001001001,h264,no_1hz_pairs,3,,,False,
training_27,True,29.97,8,0.0010010010010010895,1280,720,300,10.01001001001001,h264,ok,10,-2.1899999999999995,5.161,True,
training_271,True,29.97,8,0.0010010010010010895,1280,720,300,10.01001001001001,h264,ok,10,-4.83,7.583,False,
training_272,True,59.94,16,0.0010010010010010895,1280,720,600,10.01001001001001,h264,ok,10,-6.2700000000000005,8.786,False,
training_273,True,30.0,8,0.0,1280,720,300,10.0,h264,ok,10,-4.220000000000001,6.772999999999999,False,
training_277,True,29.97,8,0.0010010010010010895,1280,720,300,10.01001001001001,h264,no_1hz_pairs,3,,,False,
training_278,True,29.97,8,0.0010010010010010895,1280,720,300,10.01001001001001,h264,ok,10,-1.87,4.474,True,
training_279,True,29.97,8,0.0010010010010010895,1280,720,300,10.01001001001001,h264,ok,10,-1.5200000000000005,5.513999999999999,True,
training_28,True,29.97,8,0.0010010010010010895,1280,720,300,10.01001001001001,h264,ok,10,-1.6399999999999997,5.7429999999999986,True,
training_280,True,29.97,8,0.0010010010010010895,1280,720,300,10.01001001001001,h264,ok,10,-2.0300000000000002,5.351999999999999,True,
training_283,True,29.97,8,0.0010010010010010895,1280,720,300,10.01001001001001,h264,ok,10,-0.90283759141857,3.9309999999999996,True,
training_285,True,29.97,8,0.0010010010010010895,1280,720,300,10.01001001001001,h264,ok,10,-3.82,6.848000000000001,False,
training_286,True,29.97,8,0.0010010010010010895,1280,720,780,26.026026026026027,h264,ok,26,-4.139999999999999,12.732692307692307,False,
training_287,True,29.97,8,0.0010010010010010895,1280,720,300,10.01001001001001,h264,ok,10,-6.709999999999999,8.419999999999998,False,
training_288,True,29.97,8,0.0010010010010010895,1280,720,300,10.01001001001001,h264,ok,10,-2.303090679640314,6.279,True,
training_29,True,29.97,8,0.0010010010010010895,1280,720,300,10.01001001001001,h264,ok,10,-2.77,1.4209999999999998,True,
training_290,True,29.97,8,0.0010010010010010895,1280,720,300,10.01001001001001,h264,ok,10,-2.09,5.561,True,
training_291,True,29.97,8,0.0010010010010010895,1280,720,300,10.01001001001001,h264,no_1hz_pairs,3,,,False,
training_293,True,59.94,16,0.0010010010010010895,1280,720,600,10.01001001001001,h264,ok,10,-0.9900000000000002,4.635,True,
training_296,True,30.0,8,0.0,1280,720,300,10.0,h264,ok,10,-2.62,5.5,True,
training_3,True,29.97,8,0.0010010010010010895,1280,720,300,10.01001001001001,h264,no_1hz_pairs,2,,,False,
training_30,True,29.97,8,0.0010010010010010895,1280,720,300,10.01001001001001,h264,ok,10,-1.3899999999999997,5.427999999999999,True,
training_300,True,29.97,8,0.0010010010010010895,1280,720,300,10.01001001001001,h264,ok,10,-1.3200000000000003,5.595,True,
training_301,True,29.97,8,0.0010010010010010895,1280,720,300,10.01001001001001,h264,ok,10,-3.2799999999999994,12.478,False,
training_303,True,29.97,8,0.0010010010010010895,1280,720,300,10.01001001001001,h264,ok,10,-6.24,2.1550000000000002,False,
training_304,True,29.97,8,0.0010010010010010895,1280,720,300,10.01001001001001,h264,ok,10,-2.55,6.643000000000001,True,
training_305,True,60.0,16,0.0,1280,720,600,10.0,h264,ok,10,-2.0700000000000003,5.487,True,
training_306,True,29.97,8,0.0010010010010010895,1280,720,300,10.01001001001001,h264,ok,10,-7.45,7.453,False,
training_309,True,29.97,8,0.0010010010010010895,1280,720,300,10.01001001001001,h264,ok,10,-5.25,8.295,False,
training_31,True,29.97,8,0.0010010010010010895,1280,720,300,10.01001001001001,h264,ok,10,-1.2599999999999998,5.563,True,
training_314,True,30.0,8,0.0,1280,720,300,10.0,h264,ok,10,-1.9100000000000001,6.644000000000001,True,
training_315,True,29.97,8,0.0010010010010010895,1280,720,300,10.01001001001001,h264,ok,10,-4.51,2.229,False,
training_316,True,29.97,8,0.0010010010010010895,1280,720,300,10.01001001001001,h264,no_1hz_pairs,3,,,False,
training_32,True,29.97,8,0.0010010010010010895,1280,720,300,10.01001001001001,h264,ok,10,-2.08,5.375000000000001,True,
training_321,True,29.97,8,0.0010010010010010895,1280,720,390,13.013013013013014,h264,ok,13,-4.489999999999999,9.59076923076923,False,
training_322,True,59.94,16,0.0010010010010010895,1280,720,600,10.01001001001001,h264,ok,10,-3.7300000000000004,10.725,False,
training_323,True,29.97,8,0.0010010010010010895,1280,720,300,10.01001001001001,h264,ok,10,-6.06,7.894,False,
training_325,True,29.97,8,0.0010010010010010895,1280,720,300,10.01001001001001,h264,ok,10,-1.3499999999999996,5.837000000000001,True,
training_329,True,29.97,8,0.0010010010010010895,1280,720,300,10.01001001001001,h264,ok,10,-1.6400000000000001,3.197,True,
training_331,True,29.97,8,0.0010010010010010895,1280,720,300,10.01001001001001,h264,ok,10,-5.56,3.3050000000000006,False,
training_337,True,29.97,8,0.0010010010010010895,1280,720,300,10.01001001001001,h264,ok,10,-4.76,10.178,False,
training_339,True,29.97,8,0.0010010010010010895,1280,720,300,10.01001001001001,h264,ok,10,-1.31,4.705,True,
training_34,True,29.97,8,0.0010010010010010895,1280,720,300,10.01001001001001,h264,ok,10,-2.9499999999999997,1.921,True,
training_340,True,30.0,8,0.0,1280,720,300,10.0,h264,ok,10,-2.1400000000000006,6.577,True,
training_345,True,29.97,8,0.0010010010010010895,1280,720,300,10.01001001001001,h264,ok,10,-2.5699999999999994,6.424999999999999,True,
training_346,True,29.97,8,0.0010010010010010895,1280,720,300,10.01001001001001,h264,ok,10,-4.300000000000001,11.492,False,
training_347,True,29.97,8,0.0010010010010010895,1280,720,390,13.013013013013014,h264,ok,13,-3.5300000000000002,8.16923076923077,False,
training_348,True,29.97,8,0.0010010010010010895,1280,720,300,10.01001001001001,h264,ok,10,-4.450000000000001,5.632,False,
training_349,True,29.97,8,0.0010010010010010895,1280,720,300,10.01001001001001,h264,ok,10,-2.01,4.147,True,
training_35,True,29.97,8,0.0010010010010010895,1280,720,300,10.01001001001001,h264,ok,10,-2.280000000000001,9.767,True,
training_350,True,29.97,8,0.0010010010010010895,1280,720,300,10.01001001001001,h264,ok,10,-2.28,3.9560000000000004,True,
training_352,True,59.94,16,0.0010010010010010895,1280,720,960,16.016016016016017,h264,ok,16,-3.209999999999999,4.664375,False,
training_353,True,29.97,8,0.0010010010010010895,1280,720,300,10.01001001001001,h264,ok,10,-4.819999999999999,4.933999999999999,False,
training_354,True,29.97,8,0.0010010010010010895,1280,720,300,10.01001001001001,h264,ok,10,-2.8099999999999996,6.6129999999999995,True,
training_356,True,30.0,8,0.0,1280,720,300,10.0,h264,no_1hz_pairs,4,,,False,
training_357,True,29.97,8,0.0010010010010010895,1280,720,300,10.01001001001001,h264,ok,10,-2.34,3.8520000000000003,True,
training_358,True,30.0,8,0.0,1280,720,300,10.0,h264,no_1hz_pairs,3,,,False,
training_359,True,29.97,8,0.0010010010010010895,1280,720,300,10.01001001001001,h264,no_1hz_pairs,4,,,False,
training_361,True,29.97,8,0.0010010010010010895,1280,720,300,10.01001001001001,h264,ok,10,-1.2900000000000003,5.1610000000000005,True,
training_362,True,29.97,8,0.0010010010010010895,1280,720,300,10.01001001001001,h264,ok,10,-1.8299999999999998,4.456999999999999,True,
training_363,True,29.97,8,0.0010010010010010895,1280,720,300,10.01001001001001,h264,ok,10,-1.7000000000000002,4.369,True,
training_364,True,29.97,8,0.0010010010010010895,1280,720,300,10.01001001001001,h264,ok,10,-3.67,9.341000000000001,False,
training_365,True,60.0,16,0.0,1280,720,900,15.0,h264,no_1hz_pairs,5,,,False,
training_366,True,29.97,8,0.0010010010010010895,1280,720,300,10.01001001001001,h264,ok,10,-3.17,8.491,False,
training_367,True,30.0,8,0.0,1280,720,300,10.0,h264,ok,10,-4.619999999999999,6.718999999999999,False,
training_368,True,29.97,8,0.0010010010010010895,1280,720,300,10.01001001001001,h264,ok,10,-1.42,4.4159999999999995,True,
training_369,True,59.94,16,0.0010010010010010895,1280,720,600,10.01001001001001,h264,ok,10,-1.6900000000000004,5.598,True,
training_370,True,29.97,8,0.0010010010010010895,1280,720,300,10.01001001001001,h264,ok,10,-4.68,9.33,False,
training_373,True,29.97,8,0.0010010010010010895,1280,720,300,10.01001001001001,h264,ok,10,-2.6100000000000003,3.8979999999999997,True,
training_374,True,29.97,8,0.0010010010010010895,1280,720,300,10.01001001001001,h264,ok,10,-4.73,4.58,False,
training_375,True,30.0,8,0.0,1280,720,300,10.0,h264,no_1hz_pairs,4,,,False,
training_376,True,29.97,8,0.0010010010010010895,1280,720,300,10.01001001001001,h264,ok,10,-1.4499999999999997,4.859,True,
training_378,True,29.97,8,0.0010010010010010895,1280,720,300,10.01001001001001,h264,ok,4,-0.6199999999999992,6.867500000000001,True,
training_379,True,29.97,8,0.0010010010010010895,1280,720,300,10.01001001001001,h264,ok,10,-2.9200000000000004,3.093,True,
training_38,True,30.0,8,0.0,1280,720,300,10.0,h264,ok,10,-3.910000000000001,8.309000000000001,False,
training_380,True,29.97,8,0.0010010010010010895,1280,720,300,10.01001001001001,h264,ok,10,-1.9900000000000002,1.564,True,
training_383,True,29.97,8,0.0010010010010010895,1280,720,300,10.01001001001001,h264,ok,10,-3.499999999999999,4.646,False,
training_386,True,29.97,8,0.0010010010010010895,1280,720,510,17.017017017017018,h264,ok,17,-0.8300000000000001,4.363529411764706,True,
training_387,True,29.97,8,0.0010010010010010895,1280,720,300,10.01001001001001,h264,ok,10,-0.98,4.125,True,
training_388,True,29.97,8,0.0010010010010010895,1280,720,300,10.01001001001001,h264,ok,10,-1.0899999999999999,5.021,True,
training_389,True,29.97,8,0.0010010010010010895,1280,720,300,10.01001001001001,h264,ok,13,-2.8100000000000005,5.470769230769231,True,
training_392,True,29.97,8,0.0010010010010010895,1280,720,480,16.016016016016017,h264,ok,16,-4.300000000000001,8.084375,False,
training_394,True,29.97,8,0.0010010010010010895,1280,720,300,10.01001001001001,h264,ok,10,-3.6999999999999993,10.406,False,
training_395,True,29.97,8,0.0010010010010010895,1280,720,450,15.015015015015015,h264,ok,15,-4.680000000000001,9.358666666666666,False,
training_4,True,29.97,8,0.0010010010010010895,1280,720,300,10.01001001001001,h264,ok,10,-3.4,7.956,False,
training_40,True,29.97,8,0.0010010010010010895,1280,720,300,10.01001001001001,h264,ok,10,-1.5300000000000002,6.121,True,
training_403,True,29.97,8,0.0010010010010010895,1280,720,300,10.01001001001001,h264,no_1hz_pairs,2,,,False,
training_405,True,59.94,16,0.0010010010010010895,1280,720,600,10.01001001001001,h264,ok,10,-2.6499999999999995,5.161,True,
training_406,True,29.97,8,0.0010010010010010895,1280,720,300,10.01001001001001,h264,no_1hz_pairs,3,,,False,
training_408,True,29.97,8,0.0010010010010010895,1280,720,300,10.01001001001001,h264,ok,10,-3.4800000000000004,11.696,False,
training_410,True,29.97,8,0.0010010010010010895,1280,720,300,10.01001001001001,h264,ok,10,-4.140000000000001,9.222,False,
training_411,True,30.0,8,0.0,1280,720,300,10.0,h264,ok,10,-4.71,5.372999999999999,False,
training_413,True,29.97,8,0.0010010010010010895,1280,720,300,10.01001001001001,h264,ok,10,-1.8100000000000003,5.332,True,
training_415,True,59.94,16,0.0010010010010010895,1280,720,600,10.01001001001001,h264,ok,10,-2.3000000000000003,3.5819999999999994,True,
training_419,True,59.94,16,0.0010010010010010895,1280,720,600,10.01001001001001,h264,ok,10,-1.5100000000000002,4.4670000000000005,True,
training_420,True,29.97,8,0.0010010010010010895,1280,720,540,18.01801801801802,h264,ok,18,-3.74,5.531666666666667,False,
training_422,True,29.97,8,0.0010010010010010895,1280,720,300,10.01001001001001,h264,ok,10,-2.3799999999999994,1.557,True,
training_423,True,29.97,8,0.0010010010010010895,1280,720,300,10.01001001001001,h264,ok,10,-2.4765869771351365,2.973,True,
training_426,True,29.97,8,0.0010010010010010895,1280,720,300,10.01001001001001,h264,ok,10,-5.09,4.93,False,
training_427,True,30.0,8,0.0,1280,720,300,10.0,h264,ok,10,-2.54,6.476000000000001,True,
training_428,True,59.94,16,0.0010010010010010895,1280,720,660,11.01101101101101,h264,ok,12,-2.6787511764864065,4.642499999999999,True,
training_429,True,29.97,8,0.0010010010010010895,1280,720,300,10.01001001001001,h264,ok,10,-1.75,4.682,True,
training_430,True,29.97,8,0.0010010010010010895,1280,720,300,10.01001001001001,h264,no_1hz_pairs,5,,,False,
training_431,True,59.94,16,0.0010010010010010895,1280,720,600,10.01001001001001,h264,ok,10,-3.11,2.214,False,
training_432,True,30.0,8,0.0,1280,720,300,10.0,h264,ok,10,-3.24,1.314,False,
training_433,True,30.0,8,0.0,1280,720,300,10.0,h264,ok,10,-4.56,9.383,False,
training_434,True,29.97,8,0.0010010010010010895,1280,720,300,10.01001001001001,h264,ok,10,-3.6000000000000005,4.875,False,
training_439,True,29.97,8,0.0010010010010010895,1280,720,300,10.01001001001001,h264,ok,10,-2.6999999999999997,5.572000000000001,True,
training_44,True,29.97,8,0.0010010010010010895,1280,720,300,10.01001001001001,h264,ok,10,-2.59,6.954999999999998,True,
training_443,True,29.97,8,0.0010010010010010895,1280,720,360,12.012012012012011,h264,ok,12,-5.51,7.278333333333332,False,
training_446,True,59.94,16,0.0010010010010010895,1280,720,600,10.01001001001001,h264,ok,10,-1.8599999999999999,5.33,True,
training_447,True,29.97,8,0.0010010010010010895,1280,720,300,10.01001001001001,h264,ok,10,-1.2000000000000002,4.386000000000001,True,
training_448,True,29.97,8,0.0010010010010010895,1280,720,300,10.01001001001001,h264,ok,10,-1.4600000000000004,4.9110000000000005,True,
training_449,True,29.97,8,0.0010010010010010895,1280,720,300,10.01001001001001,h264,ok,10,-1.54,5.254,True,
training_45,True,29.97,8,0.0010010010010010895,1280,720,300,10.01001001001001,h264,ok,10,-2.4099999999999997,5.313000000000001,True,
training_450,True,29.97,8,0.0010010010010010895,1280,720,300,10.01001001001001,h264,ok,10,-3.7299999999999995,5.703,False,
training_451,True,29.97,8,0.0010010010010010895,1280,720,300,10.01001001001001,h264,ok,10,-2.23,4.191999999999999,True,
training_453,True,29.97,8,0.0010010010010010895,1280,720,300,10.01001001001001,h264,ok,10,-1.0699999999999994,4.8740000000000006,True,
training_454,True,59.94,16,0.0010010010010010895,1280,720,780,13.013013013013014,h264,ok,13,-4.77,7.9253846153846155,False,
training_455,True,29.97,8,0.0010010010010010895,1280,720,300,10.01001001001001,h264,ok,10,-2.6,5.433,True,
training_457,True,29.97,8,0.0010010010010010895,1280,720,300,10.01001001001001,h264,ok,10,-1.63,4.71,True,
training_458,True,30.0,8,0.0,1280,720,300,10.0,h264,too_short,1,,,False,
training_461,True,59.94,16,0.0010010010010010895,1280,720,600,10.01001001001001,h264,ok,11,-3.8800000000000003,2.6272727272727274,False,
training_462,True,30.0,8,0.0,1280,720,300,10.0,h264,ok,10,-2.8000000000000007,6.996,True,
training_465,True,30.0,8,0.0,1280,720,300,10.0,h264,no_1hz_pairs,2,,,False,
training_468,True,29.97,8,0.0010010010010010895,1280,720,300,10.01001001001001,h264,ok,10,-2.3200000000000003,2.318,True,
training_469,True,29.97,8,0.0010010010010010895,1280,720,300,10.01001001001001,h264,too_short,1,,,False,
training_47,True,30.0,8,0.0,1280,720,300,10.0,h264,ok,10,-2.2,5.531000000000001,True,
training_470,True,29.97,8,0.0010010010010010895,1280,720,300,10.01001001001001,h264,no_1hz_pairs,3,,,False,
training_471,True,29.97,8,0.0010010010010010895,1280,720,300,10.01001001001001,h264,ok,10,-6.7,5.897,False,
training_473,True,29.97,8,0.0010010010010010895,1280,720,300,10.01001001001001,h264,ok,10,-3.210000000000001,9.441,False,
training_474,True,29.97,8,0.0010010010010010895,1280,720,300,10.01001001001001,h264,ok,10,-1.58,4.958,True,
training_475,True,29.97,8,0.0010010010010010895,1280,720,300,10.01001001001001,h264,too_short,1,,,False,
training_476,True,29.97,8,0.0010010010010010895,1280,720,360,12.012012012012011,h264,ok,12,-4.24,10.222499999999998,False,
training_478,True,29.97,8,0.0010010010010010895,1280,720,300,10.01001001001001,h264,ok,10,-1.78,5.182,True,
training_479,True,29.97,8,0.0010010010010010895,1280,720,300,10.01001001001001,h264,ok,10,-2.0500000000000007,5.894000000000001,True,
training_481,True,29.97,8,0.0010010010010010895,1280,720,300,10.01001001001001,h264,ok,10,-4.43,8.298,False,
training_482,True,30.0,8,0.0,1280,720,300,10.0,h264,ok,10,-5.140000000000001,6.1,False,
training_484,True,29.97,8,0.0010010010010010895,1280,720,390,13.013013013013014,h264,ok,13,-3.68,2.8053846153846154,False,
training_485,True,29.97,8,0.0010010010010010895,1280,720,300,10.01001001001001,h264,ok,10,-2.24,4.047,True,
training_489,True,29.97,8,0.0010010010010010895,1280,720,300,10.01001001001001,h264,no_1hz_pairs,2,,,False,
training_490,True,29.97,8,0.0010010010010010895,1280,720,300,10.01001001001001,h264,ok,10,-2.57,1.989,True,
training_491,True,30.0,8,0.0,1280,720,340,11.333333333333334,h264,ok,18,-2.460000000000001,7.179999999999999,True,
training_494,True,29.97,8,0.0010010010010010895,1280,720,300,10.01001001001001,h264,ok,10,-2.6800000000000006,9.567,True,
training_496,True,29.97,8,0.0010010010010010895,1280,720,360,12.012012012012011,h264,ok,12,-4.08,6.946666666666666,False,
training_499,True,60.0,16,0.0,1280,720,600,10.0,h264,ok,10,-2.4300000000000006,5.279999999999999,True,
training_5,True,30.0,8,0.0,1280,720,300,10.0,h264,ok,10,-3.12,5.316000000000001,False,
training_500,True,29.97,8,0.0010010010010010895,1280,720,300,10.01001001001001,h264,ok,10,-1.87,3.993,True,
training_501,True,29.97,8,0.0010010010010010895,1280,720,360,12.012012012012011,h264,ok,12,-3.9300000000000006,6.0474999999999985,False,
training_502,True,59.94,16,0.0010010010010010895,1280,720,600,10.01001001001001,h264,no_1hz_pairs,4,,,False,
training_507,True,30.0,8,0.0,1280,720,300,10.0,h264,ok,10,-1.4800000000000004,6.068,True,
training_508,True,29.97,8,0.0010010010010010895,1280,720,300,10.01001001001001,h264,no_1hz_pairs,4,,,False,
training_51,True,29.97,8,0.0010010010010010895,1280,720,360,12.012012012012011,h264,ok,12,-0.8599999999999999,4.6625,True,
training_511,True,30.0,8,0.0,1280,720,300,10.0,h264,ok,10,-2.5999999999999996,3.896000000000001,True,
training_513,True,30.0,8,0.0,1280,720,300,10.0,h264,ok,10,-2.8094815642182125,1.161,True,
training_519,True,29.97,8,0.0010010010010010895,1280,720,480,16.016016016016017,h264,ok,16,-3.51,6.271875,False,
training_52,True,29.97,8,0.0010010010010010895,1280,720,300,10.01001001001001,h264,no_1hz_pairs,3,,,False,
training_520,True,29.97,8,0.0010010010010010895,1280,720,300,10.01001001001001,h264,ok,10,-2.6,6.992999999999999,True,
training_521,True,29.97,8,0.0010010010010010895,1280,720,300,10.01001001001001,h264,ok,10,-3.74,11.872,False,
training_522,True,29.97,8,0.0010010010010010895,1280,720,300,10.01001001001001,h264,ok,11,-2.5417200109078797,5.315454545454545,True,
training_523,True,30.0,8,0.0,1280,720,300,10.0,h264,no_1hz_pairs,3,,,False,
training_524,True,29.97,8,0.0010010010010010895,1280,720,300,10.01001001001001,h264,ok,10,-3.2511853631307637,2.162,False,
training_527,True,29.97,8,0.0010010010010010895,1280,720,300,10.01001001001001,h264,ok,10,-2.58,4.974,True,
training_529,True,29.97,8,0.0010010010010010895,1280,720,360,12.012012012012011,h264,ok,12,-3.750000000000001,6.496666666666666,False,
training_534,True,29.97,8,0.0010010010010010895,1280,720,300,10.01001001001001,h264,ok,10,-2.27,5.276,True,
training_539,True,29.97,8,0.0010010010010010895,1280,720,300,10.01001001001001,h264,no_1hz_pairs,4,,,False,
training_54,True,29.97,8,0.0010010010010010895,1280,720,300,10.01001001001001,h264,ok,10,-4.26,5.486,False,
training_547,True,29.97,8,0.0010010010010010895,1280,720,300,10.01001001001001,h264,ok,10,-6.260329455994416,7.569000000000001,False,
training_550,True,29.97,8,0.0010010010010010895,1280,720,360,12.012012012012011,h264,ok,12,-4.92,8.840833333333332,False,
training_556,True,30.0,8,0.0,1280,720,300,10.0,h264,ok,10,-4.96,9.422,False,
training_558,True,29.97,8,0.0010010010010010895,1280,720,300,10.01001001001001,h264,no_1hz_pairs,2,,,False,
training_56,True,30.0,8,0.0,1280,720,300,10.0,h264,ok,10,-3.0900000000000007,7.484,False,
training_561,True,60.0,16,0.0,1280,720,600,10.0,h264,ok,10,-5.3100000000000005,5.1259999999999994,False,
training_562,True,29.97,8,0.0010010010010010895,1280,720,300,10.01001001001001,h264,ok,10,-4.15,9.660000000000002,False,
training_564,True,30.0,8,0.0,1280,720,300,10.0,h264,ok,10,-2.6899999999999995,10.045,True,
training_566,True,29.97,8,0.0010010010010010895,1280,720,300,10.01001001001001,h264,ok,10,-5.145144771855632,4.263,False,
training_567,True,30.0,8,0.0,1280,720,300,10.0,h264,ok,10,-3.54,3.432,False,
training_568,True,29.97,8,0.0010010010010010895,1280,720,540,18.01801801801802,h264,no_1hz_pairs,6,,,False,
training_569,True,30.0,8,0.0,1280,720,300,10.0,h264,ok,10,-2.8,6.970000000000001,True,
training_571,True,29.97,8,0.0010010010010010895,1280,720,300,10.01001001001001,h264,ok,10,-2.6500000000000004,9.815999999999999,True,
training_572,True,30.0,8,0.0,1280,720,300,10.0,h264,ok,10,-3.5399999999999996,5.987,False,
training_574,True,29.97,8,0.0010010010010010895,1280,720,300,10.01001001001001,h264,ok,10,-6.550000000000001,4.35,False,
training_576,True,29.97,8,0.0010010010010010895,1280,720,300,10.01001001001001,h264,ok,10,-2.0900000000000003,6.275,True,
training_579,True,29.97,8,0.0010010010010010895,1280,720,300,10.01001001001001,h264,ok,10,-2.13,5.180000000000001,True,
training_580,True,29.97,8,0.0010010010010010895,1280,720,300,10.01001001001001,h264,ok,10,-2.77,5.735000000000001,True,
training_581,True,29.97,8,0.0010010010010010895,1280,720,300,10.01001001001001,h264,ok,10,-2.3200000000000003,5.546,True,
training_583,True,59.94,16,0.0010010010010010895,1280,720,600,10.01001001001001,h264,ok,10,-1.6,4.715000000000001,True,
training_584,True,29.97,8,0.0010010010010010895,1280,720,300,10.01001001001001,h264,ok,10,-1.3299999999999996,4.649,True,
training_585,True,29.97,8,0.0010010010010010895,1280,720,300,10.01001001001001,h264,ok,10,-1.31,4.744999999999999,True,
training_586,True,30.0,8,0.0,1280,720,300,10.0,h264,ok,10,-2.24,5.254,True,
training_589,True,30.0,8,0.0,1280,720,300,10.0,h264,ok,10,-3.16,5.694999999999999,False,
training_59,True,30.0,8,0.0,1280,720,300,10.0,h264,ok,10,-3.71962557148033,6.7490000000000006,False,
training_590,True,59.94,16,0.0010010010010010895,1280,720,600,10.01001001001001,h264,ok,10,-2.9799999999999995,5.599,True,
training_592,True,29.97,8,0.0010010010010010895,1280,720,300,10.01001001001001,h264,ok,10,-1.5300000000000002,4.5920000000000005,True,
training_595,True,60.0,16,0.0,1280,720,600,10.0,h264,ok,10,-1.7300000000000004,4.775,True,
training_596,True,29.97,8,0.0010010010010010895,1280,720,300,10.01001001001001,h264,ok,10,-5.51,10.617999999999999,False,
training_597,True,29.97,8,0.0010010010010010895,1280,720,300,10.01001001001001,h264,ok,11,-2.3499999999999996,8.75909090909091,True,
training_598,True,29.97,8,0.0010010010010010895,1280,720,360,12.012012012012011,h264,ok,12,-7.98,9.624999999999998,False,
training_599,True,29.97,8,0.0010010010010010895,1280,720,300,10.01001001001001,h264,ok,10,-1.6399999999999997,5.822,True,
training_60,True,29.97,8,0.0010010010010010895,1280,720,300,10.01001001001001,h264,ok,10,-7.01,7.7459999999999996,False,
training_600,True,29.97,8,0.0010010010010010895,1280,720,420,14.014014014014014,h264,ok,14,-2.4899999999999984,13.236428571428572,True,
training_601,True,29.97,8,0.0010010010010010895,1280,720,300,10.01001001001001,h264,ok,10,-2.04,5.5440000000000005,True,
training_602,True,29.97,8,0.0010010010010010895,1280,720,300,10.01001001001001,h264,ok,10,-3.46,3.0180000000000002,False,
training_604,True,29.97,8,0.0010010010010010895,1280,720,300,10.01001001001001,h264,ok,10,-4.109999999999999,4.261,False,
training_606,True,29.97,8,0.0010010010010010895,1280,720,510,17.017017017017018,h264,ok,17,-3.7700000000000014,8.637058823529411,False,
training_608,True,29.97,8,0.0010010010010010895,1280,720,300,10.01001001001001,h264,ok,10,-3.0,7.325,True,
training_609,True,29.97,8,0.0010010010010010895,1280,720,300,10.01001001001001,h264,ok,10,-3.3400000000000003,6.607000000000001,False,
training_61,True,29.97,8,0.0010010010010010895,1280,720,300,10.01001001001001,h264,ok,10,-3.91,6.906000000000001,False,
training_611,True,29.97,8,0.0010010010010010895,1280,720,300,10.01001001001001,h264,ok,10,-2.34,5.749,True,
training_612,True,30.0,8,0.0,1280,720,300,10.0,h264,no_1hz_pairs,2,,,False,
training_613,True,60.0,16,0.0,1280,720,600,10.0,h264,no_1hz_pairs,3,,,False,
training_614,True,29.97,8,0.0010010010010010895,1280,720,300,10.01001001001001,h264,ok,10,-2.85,4.6160000000000005,True,
training_62,True,29.97,8,0.0010010010010010895,1280,720,300,10.01001001001001,h264,ok,10,-5.5699999999999985,7.6930000000000005,False,
training_620,True,29.97,8,0.0010010010010010895,1280,720,300,10.01001001001001,h264,ok,10,-3.7399999999999998,3.4539999999999997,False,
training_621,True,29.97,8,0.0010010010010010895,1280,720,300,10.01001001001001,h264,ok,10,-2.09,6.236,True,
training_622,True,29.97,8,0.0010010010010010895,1280,720,570,19.01901901901902,h264,no_1hz_pairs,7,,,False,
training_624,True,30.0,8,0.0,1280,720,300,10.0,h264,ok,10,-3.37,6.566,False,
training_625,True,29.97,8,0.0010010010010010895,1280,720,300,10.01001001001001,h264,ok,10,-0.8500000000000001,5.121,True,
training_63,True,59.94,16,0.0010010010010010895,1280,720,600,10.01001001001001,h264,ok,10,-3.39,4.32,False,
training_631,True,30.0,8,0.0,1280,720,300,10.0,h264,ok,10,-1.67,5.135,True,
training_632,True,30.0,8,0.0,1280,720,300,10.0,h264,no_1hz_pairs,3,,,False,
training_634,True,29.97,8,0.0010010010010010895,1280,720,300,10.01001001001001,h264,ok,10,-5.49,2.726,False,
training_635,True,29.97,8,0.0010010010010010895,1280,720,540,18.01801801801802,h264,ok,18,-5.1000000000000005,12.03,False,
training_636,True,29.97,8,0.0010010010010010895,1280,720,300,10.01001001001001,h264,ok,10,-1.2699999999999996,4.682,True,
training_637,True,60.0,16,0.0,1280,720,600,10.0,h264,ok,10,-5.590000000000001,7.270999999999999,False,
training_638,True,30.0,8,0.0,1280,720,300,10.0,h264,ok,10,-2.4399999999999995,4.651,True,
training_64,True,30.0,8,0.0,1280,720,300,10.0,h264,no_1hz_pairs,3,,,False,
training_640,True,30.0,8,0.0,1280,720,300,10.0,h264,ok,5,-1.1899999999999995,7.156000000000001,True,
training_641,True,29.97,8,0.0010010010010010895,1280,720,300,10.01001001001001,h264,ok,10,-1.7400000000000002,5.179,True,
training_642,True,29.97,8,0.0010010010010010895,1280,720,300,10.01001001001001,h264,ok,10,-1.7000000000000002,5.965,True,
training_647,True,29.97,8,0.0010010010010010895,1280,720,300,10.01001001001001,h264,ok,10,-1.8399999999999999,5.713,True,
training_648,True,29.97,8,0.0010010010010010895,1280,720,300,10.01001001001001,h264,ok,10,-1.9699999999999998,4.808000000000001,True,
training_65,True,29.97,8,0.0010010010010010895,1280,720,300,10.01001001001001,h264,ok,10,-0.9500000000000002,5.257,True,
training_652,True,29.97,8,0.0010010010010010895,1280,720,300,10.01001001001001,h264,ok,10,-1.31,4.744999999999999,True,
training_653,True,30.0,8,0.0,1280,720,300,10.0,h264,ok,10,-4.0,7.751,False,
training_655,True,30.0,8,0.0,1280,720,301,10.033333333333333,h264,ok,10,-3.7412237497432277,4.494,False,
training_656,True,60.0,16,0.0,1280,720,600,10.0,h264,no_1hz_pairs,3,,,False,
training_658,True,29.97,8,0.0010010010010010895,1280,720,300,10.01001001001001,h264,ok,10,-2.6499999999999995,9.925,True,
training_659,True,30.0,8,0.0,1280,720,300,10.0,h264,no_1hz_pairs,3,,,False,
training_660,True,30.0,8,0.0,1280,720,300,10.0,h264,ok,10,-1.83,5.596,True,
training_661,True,29.97,8,0.0010010010010010895,1280,720,300,10.01001001001001,h264,ok,10,-1.4199999999999995,5.09,True,
training_663,True,29.97,8,0.0010010010010010895,1280,720,390,13.013013013013014,h264,ok,13,-9.85,11.068461538461538,False,
training_666,True,29.97,8,0.0010010010010010895,1280,720,300,10.01001001001001,h264,no_1hz_pairs,3,,,False,
training_667,True,59.94,16,0.0010010010010010895,1280,720,840,14.014014014014014,h264,ok,14,-3.450000000000001,9.40857142857143,False,
training_668,True,29.97,8,0.0010010010010010895,1280,720,300,10.01001001001001,h264,ok,10,-2.94,3.9200000000000004,True,
training_669,True,29.97,8,0.0010010010010010895,1280,720,300,10.01001001001001,h264,ok,10,-5.130000000000001,8.953,False,
training_670,True,30.0,8,0.0,1280,720,300,10.0,h264,ok,10,-2.3100000000000005,5.552,True,
training_671,True,30.0,8,0.0,1280,720,300,10.0,h264,ok,10,-2.48,3.9,True,
training_672,True,59.94,16,0.0010010010010010895,1280,720,600,10.01001001001001,h264,no_1hz_pairs,4,,,False,
training_673,True,29.97,8,0.0010010010010010895,1280,720,300,10.01001001001001,h264,no_1hz_pairs,3,,,False,
training_676,True,29.97,8,0.0010010010010010895,1280,720,300,10.01001001001001,h264,ok,10,-0.79,5.022,True,
training_681,True,29.97,8,0.0010010010010010895,1280,720,300,10.01001001001001,h264,ok,10,-2.54,4.805,True,
training_684,True,29.97,8,0.0010010010010010895,1280,720,390,13.013013013013014,h264,ok,13,-4.51,9.80923076923077,False,
training_685,True,29.97,8,0.0010010010010010895,1280,720,300,10.01001001001001,h264,ok,10,-1.9,5.593999999999999,True,
training_687,True,59.94,16,0.0010010010010010895,1280,720,600,10.01001001001001,h264,ok,10,-1.5599999999999996,5.699000000000001,True,
training_688,True,30.0,8,0.0,1280,720,301,10.033333333333333,h264,ok,10,-5.144855517377882,5.825,False,
training_69,True,29.97,8,0.0010010010010010895,1280,720,300,10.01001001001001,h264,ok,10,-3.21,6.711999999999999,False,
training_690,True,29.97,8,0.0010010010010010895,1280,720,390,13.013013013013014,h264,ok,13,-8.03,12.069999999999997,False,
training_694,True,29.97,8,0.0010010010010010895,1280,720,300,10.01001001001001,h264,ok,10,-2.3499999999999996,2.8529999999999998,True,
training_695,True,29.97,8,0.0010010010010010895,1280,720,300,10.01001001001001,h264,ok,10,-3.8500000000000005,5.860999999999999,False,
training_696,True,29.97,8,0.0010010010010010895,1280,720,300,10.01001001001001,h264,ok,10,-2.47,5.917000000000001,True,
training_698,True,29.97,8,0.0010010010010010895,1280,720,300,10.01001001001001,h264,no_1hz_pairs,2,,,False,
training_699,True,30.0,8,0.0,1280,720,300,10.0,h264,ok,10,-1.6399999999999997,5.7429999999999986,True,
training_701,True,29.97,8,0.0010010010010010895,1280,720,300,10.01001001001001,h264,ok,10,-2.5300000000000002,6.4719999999999995,True,
training_702,True,30.0,8,0.0,1280,720,300,10.0,h264,no_1hz_pairs,3,,,False,
training_708,True,30.0,8,0.0,1280,720,300,10.0,h264,ok,10,-6.17,10.061,False,
training_709,True,29.97,8,0.0010010010010010895,1280,720,300,10.01001001001001,h264,ok,10,-3.07,5.221000000000001,False,
training_71,True,29.97,8,0.0010010010010010895,1280,720,300,10.01001001001001,h264,ok,10,-2.074147995325277,3.9219999999999997,True,
training_711,True,30.0,8,0.0,1280,720,420,14.0,h264,ok,14,-4.35,5.5649999999999995,False,
training_712,True,29.83,8,0.00569896077774068,1280,720,299,10.023466309084814,h264,ok,10,-1.9299999999999997,4.902,True,
training_713,True,29.97,8,0.0010010010010010895,1280,720,300,10.01001001001001,h264,no_1hz_pairs,3,,,False,
training_714,True,29.97,8,0.0010010010010010895,1280,720,300,10.01001001001001,h264,ok,10,-4.68,9.968,False,
training_716,True,29.97,8,0.0010010010010010895,1280,720,300,10.01001001001001,h264,ok,10,-1.4199999999999995,2.626,True,
training_717,True,29.97,8,0.0010010010010010895,1280,720,300,10.01001001001001,h264,ok,10,-3.0999999999999996,9.628,False,
training_72,True,29.97,8,0.0010010010010010895,1280,720,300,10.01001001001001,h264,no_1hz_pairs,4,,,False,
training_720,True,29.97,8,0.0010010010010010895,1280,720,300,10.01001001001001,h264,ok,10,-3.96,9.879999999999999,False,
training_723,True,29.97,8,0.0010010010010010895,1280,720,300,10.01001001001001,h264,ok,10,-1.3899999999999997,5.795,True,
training_725,True,29.97,8,0.0010010010010010895,1280,720,300,10.01001001001001,h264,ok,10,-1.4699999999999989,5.975,True,
training_728,True,29.97,8,0.0010010010010010895,1280,720,300,10.01001001001001,h264,ok,10,-2.59,7.419,True,
training_729,True,29.97,8,0.0010010010010010895,1280,720,300,10.01001001001001,h264,ok,10,-5.3,3.0380000000000003,False,
training_73,True,29.97,8,0.0010010010010010895,1280,720,300,10.01001001001001,h264,ok,10,-2.26,1.5050000000000001,True,
training_731,True,30.0,8,0.0,1280,720,300,10.0,h264,ok,10,-6.03,8.383999999999999,False,
training_732,True,29.97,8,0.0010010010010010895,1280,720,300,10.01001001001001,h264,ok,10,-2.0300000000000002,5.956,True,
training_733,True,29.97,8,0.0010010010010010895,1280,720,300,10.01001001001001,h264,ok,10,-4.094093797060221,3.3950000000000005,False,
training_734,True,29.97,8,0.0010010010010010895,1280,720,570,19.01901901901902,h264,ok,19,-3.17,6.935263157894737,False,
training_737,True,29.97,8,0.0010010010010010895,1280,720,300,10.01001001001001,h264,ok,10,-4.890000000000001,8.679,False,
training_739,True,59.94,16,0.0010010010010010895,1280,720,600,10.01001001001001,h264,ok,10,-2.4299999999999997,4.351,True,
training_74,True,29.97,8,0.0010010010010010895,1280,720,300,10.01001001001001,h264,ok,10,-2.8,6.405000000000001,True,
training_740,True,29.97,8,0.0010010010010010895,1280,720,300,10.01001001001001,h264,ok,10,-2.3499999999999996,2.129,True,
training_741,True,29.97,8,0.0010010010010010895,1280,720,300,10.01001001001001,h264,ok,10,-0.8199999999999998,4.526000000000001,True,
training_745,True,29.97,8,0.0010010010010010895,1280,720,300,10.01001001001001,h264,ok,10,-0.9500000000000002,3.937,True,
training_746,True,29.97,8,0.0010010010010010895,1280,720,300,10.01001001001001,h264,ok,10,-2.0233465437651215,5.28,True,
training_747,True,59.94,16,0.0010010010010010895,1280,720,840,14.014014014014014,h264,ok,14,-3.74,9.600714285714286,False,
training_748,True,29.97,8,0.0010010010010010895,1280,720,300,10.01001001001001,h264,ok,10,-2.84,2.2039999999999997,True,
training_749,True,30.0,8,0.0,1280,720,300,10.0,h264,ok,10,-2.484361129801557,6.244999999999999,True,
training_750,True,60.0,16,0.0,1280,720,600,10.0,h264,ok,10,-1.73,4.0409999999999995,True,
training_751,True,29.97,8,0.0010010010010010895,1280,720,300,10.01001001001001,h264,ok,10,-1.69,4.6979999999999995,True,
training_752,True,30.0,8,0.0,1280,720,780,26.0,h264,ok,26,-3.9000000000000004,5.5442307692307695,False,
training_754,True,29.97,8,0.0010010010010010895,1280,720,300,10.01001001001001,h264,ok,10,-3.700000000000001,10.418999999999999,False,
training_756,True,29.97,8,0.0010010010010010895,1280,720,300,10.01001001001001,h264,ok,10,-1.21,5.544,True,
training_758,True,29.97,8,0.0010010010010010895,1280,720,300,10.01001001001001,h264,ok,10,-2.1399999999999997,4.978,True,
training_759,True,29.97,8,0.0010010010010010895,1280,720,300,10.01001001001001,h264,ok,6,-0.5700000000000003,8.563333333333333,True,
training_76,True,30.0,8,0.0,1280,720,300,10.0,h264,ok,10,-3.49,3.5069999999999992,False,
training_760,True,30.0,8,0.0,1280,720,300,10.0,h264,ok,10,-2.61,5.135999999999999,True,
training_761,True,29.97,8,0.0010010010010010895,1280,720,300,10.01001001001001,h264,ok,10,-1.5099999999999998,5.666000000000001,True,
training_763,True,30.0,8,0.0,1280,720,300,10.0,h264,ok,10,-4.58,1.4310000000000003,False,
training_765,True,30.0,8,0.0,1280,720,300,10.0,h264,ok,10,-2.2,4.6080000000000005,True,
training_766,True,59.94,16,0.0010010010010010895,1280,720,720,12.012012012012011,h264,ok,12,-6.720000000000001,12.789166666666668,False,
training_768,True,29.97,8,0.0010010010010010895,1280,720,300,10.01001001001001,h264,ok,10,-1.0800000000000005,5.697000000000001,True,
training_772,True,59.94,16,0.0010010010010010895,1280,720,600,10.01001001001001,h264,ok,10,-2.09,5.561,True,
training_774,True,29.97,8,0.0010010010010010895,1280,720,300,10.01001001001001,h264,ok,10,-3.17,3.0340000000000003,False,
training_776,True,59.94,16,0.0010010010010010895,1280,720,600,10.01001001001001,h264,ok,10,-1.96,3.6620000000000004,True,
training_777,True,29.97,8,0.0010010010010010895,1280,720,300,10.01001001001001,h264,no_1hz_pairs,4,,,False,
training_778,True,30.0,8,0.0,1280,720,300,10.0,h264,ok,10,-2.0100000000000002,5.945,True,
training_779,True,59.94,16,0.0010010010010010895,1280,720,600,10.01001001001001,h264,ok,10,-2.495009747321539,6.0680000000000005,True,
training_78,True,59.94,16,0.0010010010010010895,1280,720,600,10.01001001001001,h264,ok,10,-4.170000000000001,8.616,False,
training_780,True,29.97,8,0.0010010010010010895,1280,720,300,10.01001001001001,h264,ok,10,-3.1,4.220000000000001,False,
training_782,True,30.0,8,0.0,1280,720,810,27.0,h264,ok,27,-2.9800000000000004,5.324444444444445,True,
training_784,True,29.97,8,0.0010010010010010895,1280,720,300,10.01001001001001,h264,ok,10,-3.9699999999999998,9.364,False,
training_786,True,30.0,8,0.0,1280,720,450,15.0,h264,ok,15,-3.289999999999999,8.291999999999998,False,
training_788,True,29.97,8,0.0010010010010010895,1280,720,300,10.01001001001001,h264,ok,3,0.009999999999999787,6.153333333333333,True,
training_79,True,29.97,8,0.0010010010010010895,1280,720,300,10.01001001001001,h264,ok,10,-4.699999999999999,5.6,False,
training_790,True,29.97,8,0.0010010010010010895,1280,720,300,10.01001001001001,h264,ok,10,-1.58,5.629,True,
training_793,True,29.97,8,0.0010010010010010895,1280,720,300,10.01001001001001,h264,ok,10,-0.6400000000000001,4.720000000000001,True,
training_794,True,30.0,8,0.0,1280,720,480,16.0,h264,no_1hz_pairs,5,,,False,
training_796,True,29.97,8,0.0010010010010010895,1280,720,300,10.01001001001001,h264,ok,10,-1.9400000000000004,4.401,True,
training_811,True,29.97,8,0.0010010010010010895,1280,720,300,10.01001001001001,h264,ok,10,-0.8899999999999997,4.206,True,
training_813,True,29.97,8,0.0010010010010010895,1280,720,300,10.01001001001001,h264,ok,10,-3.06,4.4,False,
training_814,True,30.0,8,0.0,1280,720,300,10.0,h264,ok,10,-2.369999999999999,6.116999999999999,True,
training_815,True,30.0,8,0.0,1280,720,300,10.0,h264,ok,10,-3.79,5.089,False,
training_817,True,29.97,8,0.0010010010010010895,1280,720,300,10.01001001001001,h264,ok,10,-0.9300000000000006,3.5169999999999995,True,
training_82,True,29.97,8,0.0010010010010010895,1280,720,300,10.01001001001001,h264,no_1hz_pairs,3,,,False,
training_820,True,29.97,8,0.0010010010010010895,1280,720,300,10.01001001001001,h264,ok,10,-2.0700000000000003,6.042,True,
training_821,True,29.97,8,0.0010010010010010895,1280,720,300,10.01001001001001,h264,no_1hz_pairs,2,,,False,
training_824,True,30.0,8,0.0,1280,720,300,10.0,h264,ok,10,-2.66,5.4799999999999995,True,
training_825,True,29.97,8,0.0010010010010010895,1280,720,300,10.01001001001001,h264,ok,11,-4.69,6.685454545454545,False,
training_826,True,29.97,8,0.0010010010010010895,1280,720,300,10.01001001001001,h264,ok,10,-2.2699999999999996,3.268,True,
training_827,True,29.97,8,0.0010010010010010895,1280,720,300,10.01001001001001,h264,ok,10,-3.3800000000000003,2.195,False,
training_828,True,30.0,8,0.0,1280,720,300,10.0,h264,no_1hz_pairs,3,,,False,
training_83,True,29.97,8,0.0010010010010010895,1280,720,300,10.01001001001001,h264,ok,10,-3.9116023336042436,6.548,False,
training_832,True,59.94,16,0.0010010010010010895,1280,720,600,10.01001001001001,h264,no_1hz_pairs,2,,,False,
training_833,True,30.0,8,0.0,1280,720,300,10.0,h264,ok,10,-2.77,1.9799999999999998,True,
training_834,True,29.97,8,0.0010010010010010895,1280,720,300,10.01001001001001,h264,ok,10,-1.33,4.687,True,
training_835,True,29.97,8,0.0010010010010010895,1280,720,300,10.01001001001001,h264,ok,10,-1.67,4.138,True,
training_836,True,29.97,8,0.0010010010010010895,1280,720,300,10.01001001001001,h264,no_1hz_pairs,2,,,False,
training_837,True,29.97,8,0.0010010010010010895,1280,720,300,10.01001001001001,h264,ok,10,-0.9199999999999999,5.062,True,
training_842,True,30.0,8,0.0,1280,720,300,10.0,h264,ok,10,-1.6800000000000002,2.3160000000000003,True,
training_844,True,29.97,8,0.0010010010010010895,1280,720,300,10.01001001001001,h264,ok,10,-2.2500000000000004,5.652,True,
training_845,True,30.0,8,0.0,1280,720,300,10.0,h264,ok,10,-6.91,3.9810000000000003,False,
training_849,True,29.97,8,0.0010010010010010895,1280,720,300,10.01001001001001,h264,ok,10,-1.91,4.855,True,
training_850,True,29.97,8,0.0010010010010010895,1280,720,360,12.012012012012011,h264,ok,12,-2.4300000000000006,7.001666666666668,True,
training_851,True,30.0,8,0.0,1280,720,300,10.0,h264,ok,10,-2.83,8.404,True,
training_853,True,29.97,8,0.0010010010010010895,1280,720,600,20.02002002002002,h264,ok,20,-3.16,6.308000000000001,False,
training_854,True,29.97,8,0.0010010010010010895,1280,720,300,10.01001001001001,h264,ok,10,-4.279999999999999,5.023,False,
training_856,True,29.97,8,0.0010010010010010895,1280,720,360,12.012012012012011,h264,ok,12,-3.4400000000000004,5.605833333333333,False,
training_857,True,30.0,8,0.0,1280,720,300,10.0,h264,ok,10,-1.7899999999999996,5.691,True,
training_858,True,59.94,16,0.0010010010010010895,1280,720,600,10.01001001001001,h264,ok,10,-1.0800000000000003,4.665,True,
training_859,True,29.97,8,0.0010010010010010895,1280,720,300,10.01001001001001,h264,ok,10,-2.6000000000000005,8.032,True,
training_861,True,29.97,8,0.0010010010010010895,1280,720,300,10.01001001001001,h264,ok,10,-3.639999999999999,8.434999999999999,False,
training_862,True,29.97,8,0.0010010010010010895,1280,720,300,10.01001001001001,h264,ok,10,-1.19,5.372,True,
training_863,True,30.0,8,0.0,1280,720,300,10.0,h264,ok,10,-1.9500000000000002,6.612,True,
training_864,True,29.97,8,0.0010010010010010895,1280,720,300,10.01001001001001,h264,ok,10,-1.6500000000000004,5.023,True,
training_865,True,29.97,8,0.0010010010010010895,1280,720,300,10.01001001001001,h264,ok,10,-10.42,8.809000000000001,False,
training_866,True,29.97,8,0.0010010010010010895,1280,720,300,10.01001001001001,h264,ok,10,-3.9899999999999993,8.578,False,
training_868,True,29.97,8,0.0010010010010010895,1280,720,540,18.01801801801802,h264,ok,18,-1.4000000000000004,4.008333333333332,True,
training_870,True,29.97,8,0.0010010010010010895,1280,720,300,10.01001001001001,h264,ok,10,-1.75,4.835,True,
training_871,True,30.0,8,0.0,1280,720,300,10.0,h264,no_1hz_pairs,2,,,False,
training_873,True,29.97,8,0.0010010010010010895,1280,720,300,10.01001001001001,h264,ok,10,-1.13,4.801,True,
training_875,True,29.97,8,0.0010010010010010895,1280,720,300,10.01001001001001,h264,ok,10,-5.6,8.025,False,
training_877,True,29.97,8,0.0010010010010010895,1280,720,300,10.01001001001001,h264,ok,10,-2.4700000000000006,5.59,True,
training_878,True,29.97,8,0.0010010010010010895,1280,720,360,12.012012012012011,h264,ok,12,-4.91,9.043333333333333,False,
training_880,True,29.97,8,0.0010010010010010895,1280,720,300,10.01001001001001,h264,ok,10,-2.21,4.558,True,
training_882,True,30.0,8,0.0,1280,720,300,10.0,h264,ok,10,-1.6799999999999997,4.943,True,
training_886,True,29.97,8,0.0010010010010010895,1280,720,300,10.01001001001001,h264,ok,11,-0.4500000000000002,4.7727272727272725,True,
training_889,True,29.97,8,0.0010010010010010895,1280,720,300,10.01001001001001,h264,no_1hz_pairs,3,,,False,
training_891,True,29.97,8,0.0010010010010010895,1280,720,300,10.01001001001001,h264,ok,10,-2.8400000000000007,5.646999999999999,True,
training_892,True,29.97,8,0.0010010010010010895,1280,720,390,13.013013013013014,h264,ok,13,-2.5500000000000007,9.692307692307692,True,
training_893,True,29.97,8,0.0010010010010010895,1280,720,300,10.01001001001001,h264,ok,10,-4.91,3.4919999999999995,False,
training_895,True,29.97,8,0.0010010010010010895,1280,720,300,10.01001001001001,h264,ok,10,-1.9299999999999997,6.294,True,
training_896,True,30.0,8,0.0,1280,720,360,12.0,h264,ok,12,-4.8999999999999995,5.844166666666666,False,
training_90,True,29.97,8,0.0010010010010010895,1280,720,300,10.01001001001001,h264,ok,10,-2.21,5.975,True,
training_900,True,29.97,8,0.0010010010010010895,1280,720,300,10.01001001001001,h264,no_1hz_pairs,3,,,False,
training_901,True,29.97,8,0.0010010010010010895,1280,720,300,10.01001001001001,h264,ok,10,-2.4899999999999993,7.158000000000001,True,
training_902,True,29.97,8,0.0010010010010010895,1280,720,300,10.01001001001001,h264,ok,10,-2.960000000000001,7.264,True,
training_904,True,29.97,8,0.0010010010010010895,1280,720,300,10.01001001001001,h264,ok,5,-0.5500000000000007,6.946,True,
training_905,True,30.0,8,0.0,1280,720,300,10.0,h264,ok,10,-1.7199999999999998,4.2459999999999996,True,
training_906,True,29.97,8,0.0010010010010010895,1280,720,300,10.01001001001001,h264,ok,10,-4.65,7.310999999999998,False,
training_907,True,29.97,8,0.0010010010010010895,1280,720,300,10.01001001001001,h264,ok,10,-2.17,4.702999999999999,True,
training_908,True,29.97,8,0.0010010010010010895,1280,720,300,10.01001001001001,h264,ok,10,-1.3200000000000003,6.17,True,
training_910,True,29.97,8,0.0010010010010010895,1280,720,300,10.01001001001001,h264,ok,10,-4.3100000000000005,9.982,False,
training_914,True,30.0,8,0.0,1280,720,300,10.0,h264,ok,10,-2.21,3.1180000000000003,True,
training_915,True,30.0,8,0.0,1280,720,300,10.0,h264,ok,10,-1.8499999999999996,7.064,True,
training_916,True,29.97,8,0.0010010010010010895,1280,720,300,10.01001001001001,h264,ok,10,-2.96,1.9420000000000002,True,
training_920,True,30.0,8,0.0,1280,720,300,10.0,h264,ok,10,-4.69,8.483,False,
training_922,False,,,,,,,,,ok,12,-2.8400000000000003,5.844166666666667,True,"InvalidDataError(1094995529, 'Invalid data found when processing input', '/content/bdda/training/camera_videos/922.mp4')"
training_923,True,29.97,8,0.0010010010010010895,1280,720,300,10.01001001001001,h264,ok,10,-3.7,4.251,False,
training_924,True,29.97,8,0.0010010010010010895,1280,720,300,10.01001001001001,h264,ok,10,-4.24,7.084999999999998,False,
training_925,True,29.97,8,0.0010010010010010895,1280,720,300,10.01001001001001,h264,ok,10,-1.96,5.557,True,
training_926,True,29.97,8,0.0010010010010010895,1280,720,420,14.014014014014014,h264,ok,14,-3.21,10.317142857142857,False,
training_927,True,29.97,8,0.0010010010010010895,1280,720,300,10.01001001001001,h264,no_1hz_pairs,3,,,False,
training_929,True,29.97,8,0.0010010010010010895,1280,720,300,10.01001001001001,h264,ok,10,-1.0300000000000002,4.374999999999999,True,
training_930,True,29.97,8,0.0010010010010010895,1280,720,300,10.01001001001001,h264,ok,10,-3.906882922954113,7.011,False,
training_931,True,29.97,8,0.0010010010010010895,1280,720,300,10.01001001001001,h264,ok,10,-2.0,5.496,True,
training_932,True,29.97,8,0.0010010010010010895,1280,720,300,10.01001001001001,h264,ok,10,-3.7100000000000004,7.659000000000001,False,
training_933,True,30.0,8,0.0,1280,720,300,10.0,h264,ok,10,-2.620000000000001,11.048,True,
training_934,True,60.0,16,0.0,1280,720,600,10.0,h264,ok,10,-1.75,5.335,True,
training_935,True,29.97,8,0.0010010010010010895,1280,720,300,10.01001001001001,h264,ok,10,-1.6600000000000001,5.93,True,
training_936,True,29.97,8,0.0010010010010010895,1280,720,300,10.01001001001001,h264,no_1hz_pairs,3,,,False,
training_937,True,29.97,8,0.0010010010010010895,1280,720,300,10.01001001001001,h264,ok,10,-2.49,4.775,True,
training_94,True,29.97,8,0.0010010010010010895,1280,720,300,10.01001001001001,h264,ok,10,-3.3099999999999996,3.886,False,
training_940,True,29.97,8,0.0010010010010010895,1280,720,300,10.01001001001001,h264,ok,10,-3.4700000000000006,3.0589999999999997,False,
training_941,True,29.97,8,0.0010010010010010895,1280,720,300,10.01001001001001,h264,ok,10,-1.4900000000000002,5.271,True,
training_948,True,30.0,8,0.0,1280,720,300,10.0,h264,ok,10,-3.42,5.135,False,
training_949,True,29.97,8,0.0010010010010010895,1280,720,300,10.01001001001001,h264,no_1hz_pairs,4,,,False,
training_950,True,30.0,8,0.0,1280,720,300,10.0,h264,no_1hz_pairs,5,,,False,
training_951,True,29.97,8,0.0010010010010010895,1280,720,300,10.01001001001001,h264,ok,10,-4.826133372726418,5.921,False,
training_953,True,29.97,8,0.0010010010010010895,1280,720,390,13.013013013013014,h264,ok,13,-2.1799999999999997,5.133076923076923,True,
training_957,True,29.97,8,0.0010010010010010895,1280,720,300,10.01001001001001,h264,ok,10,-1.2999999999999998,4.749,True,
training_958,True,29.97,8,0.0010010010010010895,1280,720,300,10.01001001001001,h264,ok,10,-1.6899999999999995,5.988,True,
training_959,True,29.97,8,0.0010010010010010895,1280,720,300,10.01001001001001,h264,ok,10,-1.75,5.644,True,
training_965,True,29.97,8,0.0010010010010010895,1280,720,300,10.01001001001001,h264,ok,11,-2.5558312836533306,5.760909090909092,True,
training_966,True,60.0,16,0.0,1280,720,780,13.0,h264,ok,13,-4.45,8.994615384615384,False,
training_967,True,29.97,8,0.0010010010010010895,1280,720,300,10.01001001001001,h264,ok,10,-3.0199999999999996,6.141,False,
training_968,True,59.94,16,0.0010010010010010895,1280,720,600,10.01001001001001,h264,ok,10,-2.0,4.6000000000000005,True,
training_974,True,29.97,8,0.0010010010010010895,1280,720,600,20.02002002002002,h264,ok,20,-2.869999999999999,6.918999999999999,True,
training_975,True,29.97,8,0.0010010010010010895,1280,720,390,13.013013013013014,h264,ok,13,-8.03,12.069999999999997,False,
training_978,True,29.97,8,0.0010010010010010895,1280,720,300,10.01001001001001,h264,ok,10,-3.83,5.488,False,
training_979,True,30.0,8,0.0,1280,720,300,10.0,h264,no_1hz_pairs,3,,,False,
training_980,True,30.0,8,0.0,1280,720,300,10.0,h264,ok,10,-0.6299999999999999,5.156000000000001,True,
training_982,True,30.0,8,0.0,1280,720,300,10.0,h264,ok,10,-2.86,4.692,True,
training_985,True,30.0,8,0.0,1280,720,300,10.0,h264,ok,10,-1.4200000000000002,5.035,True,
training_988,True,29.97,8,0.0010010010010010895,1280,720,300,10.01001001001001,h264,ok,10,-2.6200000000000006,5.6659999999999995,True,
training_989,True,29.97,8,0.0010010010010010895,1280,720,300,10.01001001001001,h264,ok,10,-2.1599999999999997,5.167,True,
training_99,True,29.97,8,0.0010010010010010895,1280,720,300,10.01001001001001,h264,ok,10,-1.9300000000000006,4.843,True,
training_993,True,30.0,8,0.0,1280,720,300,10.0,h264,no_1hz_pairs,3,,,False,
training_994,True,29.97,8,0.0010010010010010895,1280,720,600,20.02002002002002,h264,no_1hz_pairs,7,,,False,
training_997,True,59.94,16,0.0010010010010010895,1280,720,1079,18.001334668001334,h264,ok,18,-3.27,5.109999999999999,False,
training_999,True,29.97,8,0.0010010010010010895,1280,720,300,10.01001001001001,h264,no_1hz_pairs,3,,,False,
